Roll,Name,Age,Gender,Marks,Branch,Email,City,Join_Date,Fees_Paid
1001,Shalini,21,Unknown,102,cse,shalini@gmail.com,Delhi,2023-04-25,45000.0
1002,,-1,Female,47,ME,pallavi@gmail.com,,2023-03-30,45000.0
1003, ,21,Male,67,CSE, ,Delhi,32-13-2023,45000.0
1004,Yogesh,21,Male,66,ME,yogesh@gmail.com,Delhi,2023-05-05,45000.0
1005,Rohit,20,,60,ECE,rohit@gmail.com,Mumbai,2023-02-15,
1006,Raj,22,Male,90,CSE,raj@gmail.com,Delhi,2023-03-10,45000.0
1007,Shalini,21,Female,102,ME,shalini@gmail.com,Delhi,2023-04-25,45000.0
1008,Meena,20,Female,-5,ECE,invalid,Pune,2023-03-08,45000.0
1009,Vikas,20,Male,40,ECE,vikas@gmail.com,Bangalore,2023-03-15,45000.0
1010,Anuj,20,Male,,CSE,anuj@gmail.com,Delhi,2023-01-10,45000.0
1011,Anuj,20,Male,85,CSE,anuj@gmail.com,Delhi,2023-01-10,45000.0
1012,Kiran,19,Male,abc,E.C.E,kiran@gmail.com,Pune,2023-03-18,
1013,Abhishek,21,Male,83,CSE,abhishek@gmail.com,Delhi,2023-04-18,45000.0
1014,Amit,twenty,Male,,CSE,amit@gmail.com,Mumbai,2023-04-28,45000.0
1015,Kiran,19,Male,abc,CSE,kiran@gmail.com,Pune,2023-03-18,45000.0
1016,,22,Female,Ninety,ME,,Mumbai,2023/03/15,45000.0
1017,Tina,21,Female,82,ME,tina@gmail.com,Mumbai,2023-03-12,45000.0
1018, Ravi ,21,Male,78,ECE,ravi@gmail,Delhi,10-02-2023,45000.0
1019,Kiran,19,Male,abc,CSE,kiran@gmail.com,Pune,,45000.0
1020,Farah,22,Female,81,Mechanical,farah@gmail.com,Mumbai,2023-05-08,45000.0
1021,Sanjay,150,Male,88,CSE,sanjay@gmail.com,Mumbai,2023-04-02,forty thousand
1022,Prakash,22,Male,100,CSE,prakash@gmail.com,Pune,2023-04-22,45000.0
1023, Ravi ,21,Male,78,ECE,ravi@gmail,Delhi,10-02-2023,45000.0
1024,Raj,22,Male,90,CSE,raj@gmail.com,Delhi,2023-03-10,45000.0
1025,Manish,22,Male,65,CSE,manish@gmail,Delhi,2023-04-10,45000.0
1026,Pooja,21,Female,39,ME,pooja@gmail.com,Pune,2023-02-05,45000.0
1027,Tina,21,Female,82,ME,tina@gmail.com,Mumbai,2023-03-12,45000.0
1028,Farah,150,Female,81,CSE,farah@gmail.com,Mumbai,2023-05-08,45000.0
1029,Deepa,21,Female,68,ECE,deepa@gmail.com,Delhi,2023-03-20,45000.0
1030,Sameer,23,Male,91,ME,sameer@gmail.com,Delhi,2023-05-20,45000.0
1031,Swati,20,Female,59,CSE,swati@gmail.com,Pune,2023-03-25,45000.0
1032,Sneha,20,Female,78,ECE,sneha@gmail.com,Pune,2023-05-01,45000.0
1033,Ajay,21,Male,,ECE,ajay@gmail.com,Delhi,2023-03-28,45000.0
1034,Akash,23,Male,110,ME,akash@gmail.com,Pune,2023-02-22,45000.0
1035, ,21,Male,67,Mechanical, ,Delhi,2023-01-25,45000.0
1036,Harsh,21,Male,73,CSE,harsh@gmail.com,Mumbai,2023-05-15,45000.0
1037,Farah,22,Female,81,CSE,farah@gmail.com,Mumbai,2023-05-08,45000.0
1038,,22,Female,Ninety,ME,,Mumbai,2023/03/15,45000.0
1039,,20,Female,91,ECE,invalid,Mumbai,2023-04-20,45000.0
1040,123,21,Male,45,cse,invalid,Bangalore,2023-13-01,45000.0
1041,Raj,22,Male,90,CSE,raj@gmail.com,Delhi,2023-03-10,45000.0
1042,Simran,19,Female,,ME,simran@gmail.com,Chennai,2023-03-01,45000.0
1042,Shalini,21,Female,102,ME,shalini@gmail.com,Delhi,2023-04-25,-45000
1044,Suresh,21,Male,48,ME,,Mumbai,2023-03-05,45000.0
1045,Priya,19,Female,105,CSE,priya@gmail.com,,invalid,45000.0
1046,Deepa,21,Female,68,ECE,deepa@gmail.com,Delhi,2023-03-20,45000.0
1047,Sunita,20,Female,35,ECE,sunita@gmail.com,Delhi,2023-02-18,45000.0
1047,Unknown,20,,45,CSE,unknown,Bangalore,wrong_date,45000.0
1049,Simran,19,Female,,ME,simran@gmail.com,Chennai,2023-03-01,45000.0
1050,Naresh,22,Male,72,ME,naresh@gmail.com,Mumbai,2023-03-22,45000.0
1051, Ravi ,21,Male,78,ECE,ravi@gmail,Delhi,10-02-2023,-45000
1052,Raj,22,Male,90,CSE,raj@gmail.com,Delhi,2023-03-10,45000.0
1053,Ajay,21,Unknown,,ECE,ajay@gmail.com,Delhi,2023-03-28,45000.0
1054,Harsh,21,Male,73,CSE,harsh@gmail.com,Mumbai,2023-05-15,45000.0
1055,123,21,Male,45,cse,invalid,Bangalore,2023-13-01,45000.0
1056,Farah,22,Female,81,CSE,farah@gmail.com,Mumbai,2023-05-08,45000.0
1056,Rohit,20,,60,ECE,rohit@gmail.com,Mumbai,2023-02-15,
1058,Harsh,21,Male,73,CSE,harsh@gmail.com,Mumbai,2023-05-15,45000.0
1059,Komal,19,Female,55,E.C.E,komal@gmail.com,Pune,2023-04-15,45000.0
1060,Sunita,20,Female,35,ECE,sunita@gmail.com,Delhi,2023-02-18,45000.0
1061,Nikita,19,Female,55,CSE,nikita@gmail,Chennai,2023-02-28,45000.0
1062,Abhishek,21,Male,83,CSE,abhishek@gmail.com,Delhi,2023-04-18,45000.0
1063,Unknown,20,,45,CSE,unknown,Bangalore,wrong_date,45000.0
1064,Amit,23,Male,,CSE,amit@gmail.com,Mumbai,2023-04-28,45000.0
1065,Priya,19,Female,105,CSE,priya@gmail.com,,wrong_date,45000.0
1066, Ravi ,twenty,Male,78,ECE,ravi@gmail,Delhi,10-02-2023,45000.0
1067,Neha,20,Female,88,CSE,anuj@gmail.com,Delhi,2023-01-10,45000.0
1068,Sneha,20,Female,78,ECE,sneha@gmail.com,Pune,2023-05-01,45000.0
1069,Priya,19,F,105,CSE,priya@gmail.com,,invalid,45000.0
1069,Pallavi,19,Female,47,ME,pallavi@gmail.com,,2023-03-30,45000.0
1070,Suresh,21,Male,48,ME,,Mumbai,2023-03-05,45000.0
1072,Naresh,22,Male,72,ME,naresh@gmail.com,Mumbai,2023-03-22,45000.0
1073,Farah,22,Female,81,CSE,farah@gmail.com,Mumbai,2023-05-08,45000.0
1074,Varun,20,Male,-20,ECE,varun@gmail.com,Mumbai,2023-04-12,45000.0
1075,Kunal,22,Male,72,CSE,kunal@gmail.com,Delhi,2023-01-20,45000.0
1076,Abhishek,21,Male,83,CSE,abhishek@gmail.com,Delhi,32-13-2023,45000.0
1077,Sunita,20,Female,35,ECE,sunita@gmail.com,Delhi,2023-02-18,45000.0
1078,Neelam,20,Female,76,ECE,neelam@gmail.com,Delhi,2023-04-05,45000.0
1079,Kavita,22,Female,88,ECE,kavita@gmail.com,Pune,2023-05-18,45000.0
1080, ,21,Male,67,CSE, ,Delhi,2023-01-25,45000.0
1081,Rohit,20,,60,ECE,rohit@gmail.com,Mumbai,2023-02-15,
1082,Sunita,20,Female,35,ECE,sunita@gmail.com,Delhi,2023-02-18,45000.0
1083,Vikas,20,Male,40,ECE,vikas@gmail.com,Bangalore,2023-03-15,45000.0
1084,Amit,twenty,Male,,CSE,amit@gmail.com,Mumbai,2023-04-28,45000.0
1085,Raj,22,Male,90,CSE,raj@gmail.com,Delhi,2023/99/01,45000.0
1086,Akash,23,Male,110,ME,,Pune,2023-02-22,45000.0
1087,Naveen,20,Male,54,ECE,naveen@gmail.com,Pune,2023-05-10,45000.0
1088,Suresh,21,Male,48,ME,,Mumbai,2023-03-05,45000.0
1089,Harsh,21,,73,CSE,harsh@gmail.com,Mumbai,2023-05-15,45000.0
1090,,19,Male,abc,CSE,kiran@gmail.com,Pune,2023-03-18,45000.0
1090,Naresh,22,Male,72,ME,naresh@gmail.com,Mumbai,2023-03-22,45000.0
1092,Deepa,21,Female,68,ECE,deepa@gmail.com,Delhi,2023-03-20,45000.0
1093,Naveen,20,Male,54,ECE,naveen@gmail.com,Pune,2023-05-10,45000.0
1094,Amit,23,Male,,CSE,amit@gmail.com,Mumbai,2023-04-28,45000.0
1095,Pallavi,19,Female,47,ME,pallavi@gmail.com,,2023-03-30,45000.0
1096, ,21,Male,67,CSE, ,Delhi,2023-01-25,45000.0
1097,Naveen,20,Male,54,ECE,naveen@gmail.com,Pune,2023-05-10,45000.0
1098,Anuj,20,Male,85,CSE,anuj@gmail.com,Delhi,2023-01-10,45000.0
1099,Deepa,21,Female,68,ECE,deepa@gmail.com,Delhi,2023-03-20,45000.0
1100,123,-1,Male,45,cse,invalid,Bangalore,2023-13-01,45000.0
1101,Simran,19,Female,,ME,simran@gmail.com,Chennai,2023-03-01,45000.0
1102,Kiran,19,Male,abc,CSE,kiran@gmail.com,Pune,wrong_date,45000.0
1103,Anuj,20,Male,85,CSE,anuj@gmail.com,Delhi,2023-01-10,45000.0
1104,Farah,22,Female,81,CSE,farah@gmail.com,Mumbai,2023-05-08,45000.0
1105,Rohit,20,,60,ECE,rohit@gmail.com,Mumbai,2023-02-15,
1106,,19,Male,abc,CSE,kiran@gmail.com,Pune,2023-03-18,45000.0
1107,Anuj,20,Male,absent,CSE,anuj@gmail.com,Delhi,2023-01-10,45000.0
1108,   Ravi   ,19,Female,55,CSE,nikita@gmail,Chennai,2023-02-28,45000.0
1109,Rohit,20,,60,ECE,rohit@gmail.com,Mumbai,2023-02-15,
1110,Komal,19,Female,55,ME,komal@gmail.com,Pune,2023-04-15,45000.0
1111,Komal,19,Female,55,ME,komal@gmail.com,Pune,2023-04-15,45000.0
1111,Manish,22,Male,65,CSE,manish@gmail,Delhi,2023-04-10,45000.0
1113,Aman,-1,Male,-10,CSE, ,Pune,2023-01-10,45000.0
1114,Sneha,20,Female,78,ECE,,Pune,2023-05-01,45000.0
1115,Shalini,21,Female,102,ME,shalini@gmail.com,Delhi,2023-04-25,45000.0
1116,Amit,23,Male,,CSE,amit@gmail.com,Mumbai,2023-04-28,45000.0
1117,Ajay,21,Male,,ECE,ajay@gmail.com,Delhi,2023-03-28,
1118,123,21,Male,45,cse,invalid,Bangalore,2023-13-01,45000.0
1119,Simran,19,Female,,E.C.E,,Chennai,2023-03-01,45000.0
1120,Rohit,20,,60,ECE,rohit@gmail.com,Mumbai,2023-02-15,
1121,Pooja,21,Female,120,ME,pooja@gmail.com,Pune,2023-02-05,45000.0
1122,Varun,20,Male,-20,ECE,varun@gmail.com,Mumbai,2023-04-12,45000.0
1123,Manish,22,Male,65,CSE,manish@gmail,Delhi,2023-04-10,45000.0
1124,Kavita,22,Female,88,ECE,kavita@gmail.com,Pune,2023-05-18,
1125,Vikas,20,Male,40,ECE,vikas@gmail.com,Bangalore,2023-03-15,45000.0
1126,Kiran,19,Male,abc,,kiran@gmail.com,Pune,2023-03-18,45000.0
1127,Reena,20,Female,91,ECE,reena@gmail.com,Mumbai,2023-04-20,45000.0
1128,Komal,19,Female,55,ME,komal@gmail.com,Pune,2023-04-15,45000.0
1129,Farah,22,Female,81,CSE,@gmail.com,Mumbai,2023-05-08,45000.0
1130,Amit,-1,Male,,CSE,amit@gmail.com,Mumbai,2023-04-28,45000.0
1131,Tina,21,Female,82,ME,tina@gmail.com,Mumbai,2023-03-12,45000.0
1132,Swati,20,Female,59,CSE,swati@gmail.com,Pune,2023-03-25,45000.0
1133,Komal,19,Female,-20,ME,komal@gmail.com,Pune,2023-04-15,-45000
1134,Anuj,20,Male,85,CSE,anuj@gmail.com,Delhi,2023-01-10,45000.0
1135,Komal,19,Female,55,ME,komal@gmail.com,Pune,2023-04-15,45000.0
1136,Reena,20,Female,91,ECE,reena@gmail.com,Mumbai,2023-04-20,45000.0
1137,Harsh,21,Male,73,CSE,harsh@gmail.com,Mumbai,2023-05-15,45000.0
1138,Sunita,20,Female,35,ECE,sunita@gmail.com,Delhi,2023-02-18,45000.0
1139,,22,Female,Ninety,ME,,Mumbai,2023/03/15,45000.0
1140,Anuj,20,Male,85,CSE,anuj@gmail.com,Delhi,2023-01-10,45000.0
1141,Aman,-1,Male,-10,CSE, ,Pune,2023-01-10,-45000
1142,Naresh,22,Male,72,ME,naresh@gmail.com,Mumbai,2023-03-22,45000.0
1143,Sunita,20,Female,35,ECE,sunita@gmail.com,Delhi,,45000.0
1144,,21,Female,102,ME,shalini@gmail.com,Delhi,2023-04-25,45000.0
1145,Swati,twenty,Female,59,CSE,abc@,Pune,2023-03-25,45000.0
1146,Simran,19,Female,,ME,simran@gmail.com,Chennai,2023-03-01,45000.0
1147, ,21,M,67,CSE, ,Delhi,2023-01-25,45000.0
1148, ,21,Male,67,CSE, ,Delhi,2023-01-25,45000.0
1149,Naresh,22,Male,72,ME,naresh@gmail.com,Mumbai,2023-03-22,45000.0
1150,Sneha,20,Female,78,ECE,sneha@gmail.com,Pune,2023-05-01,45000.0
1151,Ramesh,22,Male,34,ECE,invalid,Mumbai,2023-02-12,45000.0
1152,Rohini,21,Female,92,ME,rohini@gmail.com,Pune,2023-04-08,45000.0
1153,Shalini,21,Female,102,ME,shalini@gmail.com,Delhi,2023-04-25,45000.0
1154,Sameer,23,Male,91,ME,sameer@gmail.com,Delhi,2023-05-20,forty thousand
1155,Rohini,21,Female,92,ME,rohini@gmail.com,Pune,2023-04-08,45000.0
1156,,19,Female,,CSE,priya@gmail.com,,invalid,45000.0
1157,Sanjay,23,Male,88,CSE,sanjay@gmail.com,Mumbai,2023-04-02,45000.0
1158,Reena,20,Female,91,ECE,reena@gmail.com,Mumbai,2023-04-20,45000.0
1159,   Ravi   ,20,Unknown,40,ECE,vikas@gmail.com,Bangalore,2023-03-15,45000.0
1160,Shalini,21,Female,102,ME,shalini@gmail.com,Delhi,2023-04-25,45000.0
1161,Naveen,20,F,54,,naveen@gmail.com,Pune,2023-05-10,45000.0
1162, ,21,Male,67,CSE, ,Delhi,2023-01-25,45000.0
1163,Yogesh,21,Male,-20,ME,yogesh@gmail.com,Delhi,2023-05-05,45000.0
1164,Pallavi,19,Female,47,ME,pallavi@gmail.com,,2023-03-30,45000.0
1165,Abhishek,21,Male,absent,CSE,abhishek@gmail.com,Delhi,2023-04-18,45000.0
1166,Ramesh,22,Male,34,ECE,ramesh@gmail.com,Mumbai,2023-02-12,45000.0
1167,Rohini,21,Female,92,ME,rohini@gmail.com,Pune,2023-04-08,45000.0
1168,123,21,Male,45,cse,invalid,Bangalore,2023-13-01,45000.0
1169,Tina,21,Female,82,ME,tina@gmail.com,Mumbai,2023-03-12,45000.0
1170,Ajay,21,Male,,ECE,ajay@gmail.com,Delhi,2023-03-28,45000.0
1171, Ravi ,21,Male,78,ECE,ravi@gmail,Delhi,10-02-2023,45000.0
1172,Sneha,20,Female,78,ECE,sneha@gmail.com,Pune,2023-05-01,45000.0
1173,Naveen,20,Male,54,ECE,naveen@gmail.com,Pune,2023-05-10,45000.0
1174,Neha,20,Female,88,CSE,anuj@gmail.com,Delhi,2023-01-10,45000.0
1175,Ajay,21,Male,,ECE,invalid,Delhi,2023-03-28,45000.0
1176,Ajay,21,Male,,ECE,ajay@gmail.com,Delhi,2023-03-28,45000.0
1177,Farah,22,Female,81,CSE,farah@gmail.com,Mumbai,2023-05-08,45000.0
1178,Farah,22,Female,81,CSE,invalid,Mumbai,2023-05-08,45000.0
1179,Raj,22,Male,90,CSE,raj@gmail.com,Delhi,2023-03-10,45000.0
1180,Sanjay,23,Male,88,CSE,sanjay@gmail.com,Mumbai,2023-04-02,45000.0
1181,Anuj,20,Male,85,CSE,anuj@gmail.com,Delhi,2023-01-10,45000.0
1182,Ajay,21,Male,,ECE,ajay@gmail.com,Delhi,2023-03-28,45000.0
1183,Deepa,21,Female,68,ECE,deepa@gmail.com,Delhi,2023-03-20,45000.0
1184,Shalini,21,Female,102,ME,@gmail.com,Delhi,2023-04-25,45000.0
1185,Manish,22,Male,65,,manish@gmail,Delhi,2023-04-10,45000.0
1186,Anuj,20,Male,85,CSE,anuj@gmail.com,Delhi,2023-01-10,45000.0
1187,Swati,20,Female,59,CSE,swati@gmail.com,Pune,2023-03-25,45000.0
1188,Ramesh,22,Male,34,ECE,ramesh@gmail.com,Mumbai,2023-02-12,45000.0
1189,Amit,23,Male,,CSE,amit@gmail.com,Mumbai,2023-04-28,45000.0
1190,,22,Female,Ninety,ME,,Mumbai,2023/03/15,45000.0
1191,Shalini,21,Female,102,ME,shalini@gmail.com,Delhi,2023-04-25,45000.0
1192,Neha,20,Female,88,CSE,anuj@gmail.com,Delhi,2023-01-10,45000.0
1193,Rohit,20,,60,ECE,@gmail.com,Mumbai,2023-02-15,
1194,Swati,20,Female,59,CSE,swati@gmail.com,Pune,2023-03-25,45000.0
1195,Simran,19,Female,,ME,simran@gmail.com,Chennai,2023-03-01,45000.0
1196,Reena,20,Female,91,ECE,reena@gmail.com,Mumbai,2023-04-20,45000.0
1197,Manish,22,Male,65,CSE,manish@gmail,Delhi,2023-04-10,45000.0
1198,Sneha,20,Female,78,,sneha@gmail.com,Pune,2023-05-01,45000.0
1199,Farah,22,Female,81,CSE,farah@gmail.com,Mumbai,2023-05-08,45000.0
1200,Kiran,19,Male,abc,CSE,kiran@gmail.com,Pune,2023-03-18,45000.0
1201, ,21,Male,67,CSE, ,Delhi,2023-01-25,45000.0
1202,Rohini,21,Female,92,ME,rohini@gmail.com,Pune,2023-04-08,45000.0
1203,Rohini,21,Female,92,ME,rohini@gmail.com,Pune,2023-04-08,45000.0
1204,Kiran,19,Male,120,CSE,kiran@gmail.com,Pune,2023-03-18,45000.0
1205,Amit,23,Male,,CSE,amit@gmail.com,Mumbai,2023-04-28,45000.0
1206,Sameer,23,Male,91,cse,sameer@gmail.com,Delhi,2023-05-20,45000.0
1207,Sameer,23,Male,91,ME,sameer@gmail.com,Delhi,2023-05-20,45000.0
1207,Pooja,21,Female,39,ME,pooja@gmail.com,Pune,2023-02-05,45000.0
1209,Shalini,21,Female,102,ME,shalini@gmail.com,Delhi,2023-04-25,45000.0
1210, Ravi ,21,Male,78,ECE,ravi@gmail,Delhi,10-02-2023,45000.0
1211,,22,Female,Ninety,ME,,Mumbai,2023/03/15,45000.0
1212,Sameer,23,Male,91,ME,sameer@gmail.com,Delhi,2023-05-20,45000.0
1213,Reena,20,Female,91,ECE,reena@gmail.com,Mumbai,2023-04-20,45000.0
1213,Sameer,23,Male,91,ME,sameer@gmail.com,Delhi,2023-05-20,45000.0
1215,Nikita,19,Female,55,CSE,nikita@gmail,Chennai,2023-02-28,45000.0
1216,Sameer,23,Male,91,E.C.E,sameer@gmail.com,Delhi,2023-05-20,45000.0
1217, Ravi ,21,Male,78,E.C.E,ravi@gmail,Delhi,10-02-2023,45000.0
1218, Ravi ,21,Male,78,ECE,invalid,Delhi,10-02-2023,45000.0
1219,Ajay,21,Male,,ECE,ajay@gmail.com,Delhi,2023-03-28,45000.0
1220,Vikas,20,M,40,ECE,vikas@gmail.com,Bangalore,2023-03-15,45000.0
1221,Reena,20,Female,91,ECE,reena@gmail.com,Mumbai,2023-04-20,-45000
1222,Rohini,21,Female,92,ME,rohini@gmail.com,Pune,2023-04-08,45000.0
1223,Manish,22,Male,65,CSE,abc@,Delhi,2023-04-10,45000.0
1224,Anuj,20,Male,85,CSE,anuj@gmail.com,Delhi,2023-01-10,45000.0
1225,Meena,20,Female,-5,ECE,meena@gmail.com,Pune,2023-03-08,45000.0
1226, Ravi ,21,Male,78,ECE,ravi@gmail,Delhi,10-02-2023,45000.0
1227,Farah,22,Female,81,CSE,farah@gmail.com,Mumbai,2023-05-08,45000.0
1228,Naresh,22,Male,72,ME,naresh@gmail.com,Mumbai,2023-03-22,45000.0
1229,Rohini,21,Female,120,ME,rohini@gmail.com,Pune,2023-04-08,45000.0
1230,Neha,20,Female,88,CSE,anuj@gmail.com,Delhi,2023-01-10,45000.0
1231,Rohini,0,Female,92,ME,rohini@gmail.com,Pune,2023-04-08,45000.0
1232,Priya,19,Female,105,CSE,priya@gmail.com,,invalid,45000.0
1233,Anuj,20,Male,85,CSE,anuj@gmail.com,Delhi,2023-01-10,45000.0
1234,Nikita,19,Female,55,CSE,nikita@gmail,Chennai,2023-02-28,45000.0
1235,Prakash,22,Male,100,CSE,prakash@gmail.com,Pune,2023-04-22,45000.0
1236,Kiran,19,Male,abc,CSE,kiran@gmail.com,Pune,2023-03-18,45000.0
1237,Aman,-1,Male,-10,CSE, ,Pune,2023-01-10,45000.0
1238,Varun,20,Male,-20,ECE,varun@gmail.com,Mumbai,2023-04-12,45000.0
1239,Neha,20,Female,88,CSE,anuj@gmail.com,Delhi,2023-01-10,45000.0
1240,Tina,21,Female,82,ME,tina@gmail.com,Mumbai,2023-03-12,45000.0
1241,   Ravi   ,20,Male,85,CSE,anuj@gmail.com,Delhi,2023-01-10,45000.0
1242,Kavita,22,Female,88,cse,kavita@gmail.com,Pune,2023-05-18,45000.0
1243,Akash,23,Male,110,ME,akash@gmail.com,Pune,2023-02-22,45000.0
1244,Manish,22,Male,65,CSE,manish@gmail,Delhi,2023-04-10,45000.0
1245,Simran,19,Female,,ME,simran@gmail.com,Chennai,2023-03-01,45000.0
1246,Neha,20,Female,88,CSE,anuj@gmail.com,Delhi,2023-01-10,45000.0
1247,Akash,23,Male,110,ME,akash@gmail.com,Pune,2023-02-22,45000.0
1248,Pallavi,19,Female,47,ME,pallavi@gmail.com,,2023-03-30,45000.0
1249,,22,Female,Ninety,ME,,Mumbai,2023/03/15,45000.0
1250,Raj,22,Male,90,CSE,raj@gmail.com,Delhi,2023-03-10,45000.0
1251,Abhishek,21,Male,83,Mechanical,abhishek@gmail.com,Delhi,2023-04-18,45000.0
1252,Meena,20,Female,-5,ECE,meena@gmail.com,Pune,2023-03-08,45000.0
1252,Naresh,22,Male,72,ME,naresh@gmail.com,Mumbai,2023-03-22,45000.0
1254,,22,Female,Ninety,ME,,Mumbai,2023/03/15,45000.0
1255,Meena,20,Female,-5,ECE,meena@gmail.com,Pune,2023-03-08,45000.0
1256,Raj,22,Male,90,CSE,raj@gmail.com,Delhi,2023-03-10,45000.0
1257,Rohini,21,Female,N/A,ME,rohini@gmail.com,Pune,2023-04-08,45000.0
1258,123,21,Male,45,cse,invalid,Bangalore,2023-13-01,45000.0
1259,Amit,23,Male,,CSE,amit@gmail.com,Mumbai,2023-04-28,45000.0
1260,Manish,22,Male,65,CSE,manish@gmail,Delhi,2023-04-10,45000.0
1261,Amit,23,Male,absent,CSE,amit@gmail.com,Mumbai,2023-04-28,45000.0
1262,Shalini,21,Female,102,ME,shalini@gmail.com,Delhi,2023-04-25,45000.0
1263,,21,Male,48,ME,,Mumbai,2023-03-05,45000.0
1264,Amit,23,Male,,CSE,amit@gmail.com,Mumbai,2023-04-28,45000.0
1265,Anuj,20,Male,85,CSE,anuj@gmail.com,Delhi,2023-01-10,45000.0
1266,Anuj,20,Male,85,CSE,anuj@gmail.com,Delhi,2023-01-10,45000.0
1267,Ajay,21,Male,,ECE,ajay@gmail.com,Delhi,2023/99/01,45000.0
1268,Deepa,21,Female,68,ECE,deepa@gmail.com,Delhi,2023-03-20,45000.0
1269,Unknown,20,,45,CSE,unknown,Bangalore,wrong_date,45000.0
1270,Vikas,20,Male,120,ECE,vikas@gmail.com,Bangalore,2023-03-15,45000.0
1271,Neelam,20,Female,76,ECE,neelam@gmail.com,Delhi,2023-04-05,45000.0
1272,Sanjay,23,Male,88,CSE,sanjay@gmail.com,Mumbai,2023-04-02,45000.0
1273,Sneha,20,Female,78,ECE,sneha@gmail.com,Pune,2023-05-01,45000.0
1274,Komal,19,Female,55,ME,komal@gmail.com,Pune,2023-04-15,45000.0
1275,123,21,Male,45,cse,invalid,Bangalore,2023-13-01,45000.0
1276,Akash,23,Male,120,,akash@gmail.com,Pune,2023-02-22,45000.0
1277,Naresh,22,Male,72,ME,naresh@gmail.com,Mumbai,2023-03-22,45000.0
1278,Kavita,22,Female,88,ECE,kavita@gmail.com,Pune,2023-05-18,45000.0
1279,Sameer,23,Male,91,ME,sameer@gmail.com,Delhi,,45000.0
1280, Ravi ,21,Male,78,ECE,ravi@gmail,Delhi,10-02-2023,45000.0
1281,Anuj,20,Male,85,CSE,anuj@gmail.com,Delhi,2023-01-10,45000.0
1282,Kavita,22,Female,88,,kavita@gmail.com,Pune,2023-05-18,45000.0
1283,Pooja,21,Female,39,ME,pooja@gmail.com,Pune,2023-02-05,45000.0
1284,Aman,-1,Male,-20,CSE, ,Pune,2023-01-10,45000.0
1285,Reena,20,Female,91,ECE,reena@gmail.com,Mumbai,2023-04-20,45000.0
1286,Rohini,21,Female,92,ME,rohini@gmail.com,Pune,2023-04-08,45000.0
1287,Simran,19,F,120,ME,simran@gmail.com,Chennai,2023-03-01,45000.0
1288,Amit,23,Male,,CSE,amit@gmail.com,Mumbai,2023-04-28,45000.0
1289,Komal,19,Female,55,ME,komal@gmail.com,Pune,2023-04-15,45000.0
1290,Meena,20,Female,-5,ECE,meena@gmail.com,Pune,2023-03-08,45000.0
1291,123,22,Female,88,ECE,kavita@gmail.com,Pune,,45000.0
1292,Akash,23,Male,110,ME,akash@gmail.com,Pune,2023-02-22,45000.0
1293,,150,Female,Ninety,E.C.E,,Mumbai,2023/03/15,
1294,Raj,22,Male,90,CSE,,Delhi,2023-03-10,45000.0
1295,Kiran,19,Male,abc,CSE,kiran@gmail.com,Pune,2023-03-18,45000.0
1296,Manish,22,Male,65,CSE,manish@gmail,Delhi,2023-04-10,45000.0
1297,Kiran,19,Male,abc,CSE,kiran@gmail.com,Pune,2023-03-18,45000.0
1298,123,-1,Male,85,CSE,anuj@gmail.com,Delhi,2023-01-10,45000.0
1298,Sameer,23,Male,91,ME,sameer@gmail.com,Delhi,2023-05-20,45000.0
1300,Rohit,20,,60,ECE,rohit@gmail.com,Mumbai,2023-02-15,forty thousand
1301,Abhishek,21,Male,,CSE,abhishek@gmail.com,Delhi,2023-04-18,45000.0
1302,Prakash,22,Male,100,CSE,prakash@gmail.com,Pune,2023-04-22,45000.0
1303,Amit,23,Male,-20,CSE,,Mumbai,2023-04-28,45000.0
1304,Raj,22,M,90,CSE,raj@gmail.com,Delhi,2023-03-10,
1305,Komal,19,Female,,ME,komal@gmail.com,Pune,wrong_date,45000.0
1306,Kavita,22,Female,88,Mechanical,kavita@gmail.com,Pune,2023-05-18,45000.0
1307,Deepa,21,Female,68,ECE,deepa@gmail.com,Delhi,2023-03-20,45000.0
1308,Komal,19,Female,55,ME,,Pune,2023-04-15,45000.0
1309,Deepa,21,Female,68,ECE,deepa@gmail.com,Delhi,2023-03-20,45000.0
1310,Pallavi,19,Female,47,ME,pallavi@gmail.com,,2023-03-30,45000.0
1311,Suresh,21,Male,48,ME,,Mumbai,2023-03-05,45000.0
1312,123,19,Female,69,ME,divya@gmail.com,Delhi,2023-05-12,45000.0
1313,Suresh,21,Male,120,ME,,Mumbai,2023-03-05,45000.0
1314, Ravi ,21,Male,78,ECE,ravi@gmail,Delhi,10-02-2023,45000.0
1315,Komal,19,Female,55,ME,komal@gmail.com,Pune,2023-04-15,45000.0
1316,Akash,23,Male,110,ME,akash@gmail.com,Pune,2023-02-22,45000.0
1317,Amit,23,Male,,CSE,amit@gmail.com,Mumbai,2023-04-28,45000.0
1318,Abhishek,150,Male,83,CSE,abhishek@gmail.com,Delhi,2023-04-18,45000.0
1319,Manish,22,Male,65,CSE,manish@gmail,Delhi,2023-04-10,45000.0
1320,Priya,19,Female,105,CSE,priya@gmail.com,,invalid,45000.0
1321,Manish,22,Male,65,CSE,manish@gmail,Delhi,2023-04-10,45000.0
1322,Sunita,20,Female,35,ECE,sunita@gmail.com,Delhi,2023-02-18,45000.0
1323,Raj,22,Male,90,CSE,raj@gmail.com,Delhi,2023-03-10,45000.0
1324,Kavita,22,Female,88,ECE,kavita@gmail.com,Pune,2023/99/01,
1325,Raj,22,Male,90,CSE,raj@gmail.com,Delhi,2023-03-10,45000.0
1326,Rohit,20,,60,ECE,rohit@gmail.com,Mumbai,2023-02-15,
1327,123,21,Male,45,cse,invalid,Bangalore,2023-13-01,45000.0
1328,,22,Female,Ninety,ME,,Mumbai,,45000.0
1329,Nikita,19,Female,55,CSE,nikita@gmail,Chennai,2023-02-28,45000.0
1330,Manish,22,Male,65,CSE,manish@gmail,Delhi,2023-04-10,45000.0
1331,Kavita,22,Female,88,ECE,kavita@gmail.com,Pune,2023/99/01,45000.0
1332,Pooja,21,Female,39,ME,pooja@gmail.com,Pune,2023-02-05,45000.0
1333,Tina,21,Female,82,ME,tina@gmail.com,Mumbai,2023-03-12,45000.0
1334,,twenty,Female,82,Mechanical,tina@gmail.com,Mumbai,2023-03-12,45000.0
1335,Divya,19,Female,69,ME,divya@gmail.com,Delhi,2023-05-12,45000.0
1336,Sanjay,23,Male,88,CSE,invalid,Mumbai,2023-04-02,-45000
1337,Prakash,22,Male,100,CSE,prakash@gmail.com,Pune,2023-04-22,45000.0
1338,Prakash,22,Male,100,CSE,prakash@gmail.com,Pune,2023-04-22,45000.0
1339,Naveen,20,Male,54,ECE,naveen@gmail.com,Pune,2023-05-10,45000.0
1340,Rohit,20,,60,ECE,rohit@gmail.com,Mumbai,2023-02-15,
1341,Swati,20,Female,59,CSE,abc@,Pune,2023-03-25,45000.0
1342,Swati,20,Female,59,CSE,swati@gmail.com,Pune,2023-03-25,45000.0
1343,Varun,20,Male,-20,ECE,varun@gmail.com,Mumbai,2023-04-12,
1344,Raj,22,Male,90,CSE,raj@gmail.com,Delhi,,45000.0
1345,123,23,M,88,CSE,sanjay@gmail.com,Mumbai,2023-04-02,45000.0
1346,Manish,22,Male,65,CSE,manish@gmail,Delhi,2023-04-10,45000.0
1347,Ajay,21,Male,,ECE,ajay@gmail.com,Delhi,2023-03-28,45000.0
1348,Harsh,21,Male,73,CSE,harsh@gmail.com,Mumbai,2023-05-15,45000.0
1349,Manish,22,Male,65,CSE,manish@gmail,Delhi,2023-04-10,45000.0
1350,   Ravi   ,-1,Male,-10,CSE, ,Pune,2023-01-10,45000.0
1351,123,22,Female,88,ECE,kavita@gmail.com,Pune,2023-05-18,45000.0
1352,Meena,20,Female,-5,ECE,invalid,Pune,2023-03-08,45000.0
1353,Priya,19,Female,105,CSE,priya@gmail.com,,invalid,45000.0
1354,Komal,19,Female,55,ME,komal@gmail.com,Pune,2023-04-15,45000.0
1355,Sameer,23,Male,91,ME,sameer@gmail.com,Delhi,2023-05-20,45000.0
1356,Nikita,19,Female,55,CSE,nikita@gmail,Chennai,2023-02-28,45000.0
1357,Farah,22,Female,81,CSE,farah@gmail.com,Mumbai,2023-05-08,45000.0
1358,Ajay,21,Male,,ECE,abc@,Delhi,2023-03-28,45000.0
1359,Sanjay,23,Male,88,CSE,sanjay@gmail.com,Mumbai,2023-04-02,45000.0
1360,Pallavi,19,Female,47,ME,pallavi@gmail.com,,2023-03-30,45000.0
1361,Divya,19,,,ME,divya@gmail.com,Delhi,2023-05-12,45000.0
1362,Neha,20,Female,88,CSE,anuj@gmail.com,Delhi,2023-01-10,45000.0
1363,Komal,19,Female,55,ME,komal@gmail.com,Pune,2023-04-15,45000.0
1364,Amit,23,Male,,CSE,amit@gmail.com,Mumbai,2023-04-28,
1365,Reena,20,Female,91,ECE,reena@gmail.com,Mumbai,32-13-2023,45000.0
1366,Kiran,19,Male,abc,CSE,kiran@gmail.com,Pune,2023-03-18,45000.0
1367,Pallavi,19,Female,N/A,ME,pallavi@gmail.com,,2023-03-30,45000.0
1368,Sameer,23,Male,91,ME,sameer@gmail.com,Delhi,2023-05-20,45000.0
1369,Divya,19,Female,69,ME,divya@gmail.com,Delhi,2023-05-12,45000.0
1370,Neelam,20,Female,76,ECE,neelam@gmail.com,Delhi,2023-04-05,45000.0
1371,Komal,19,Female,55,ME,komal@gmail.com,Pune,2023-04-15,45000.0
1372,Manish,22,Male,65,CSE,manish@gmail,Delhi,2023-04-10,45000.0
1373,   Ravi   ,22,Male,90,CSE,raj@gmail.com,Delhi,2023-03-10,45000.0
1374,Rohini,21,Female,92,ME,rohini@gmail.com,Pune,2023-04-08,45000.0
1374,Vikas,0,Male,40,ECE,,Bangalore,2023-03-15,45000.0
1376,Manish,22,Male,65,CSE,manish@gmail,Delhi,2023-04-10,45000.0
1377,,22,Female,Ninety,ME,,Mumbai,2023/03/15,45000.0
1378,Suresh,21,Male,48,ME,,Mumbai,2023-03-05,45000.0
1379,Deepa,21,Female,68,ECE,deepa@gmail.com,Delhi,2023-03-20,45000.0
1380,Sneha,20,Female,78,ECE,sneha@gmail.com,Pune,2023-05-01,45000.0
1381,Neelam,0,Female,76,ECE,neelam@gmail.com,Delhi,,45000.0
1382,,22,Female,Ninety,ME,,Mumbai,2023/03/15,45000.0
1383,Amit,23,Male,,CSE,amit@gmail.com,Mumbai,2023-04-28,45000.0
1384,Divya,19,Female,69,ME,abc@,Delhi,2023-05-12,45000.0
1384,Kiran,19,Male,abc,CSE,kiran@gmail.com,Pune,2023-03-18,45000.0
1386,Unknown,20,,45,CSE,unknown,Bangalore,wrong_date,45000.0
1387,Rohini,21,Female,92,ME,rohini@gmail.com,Pune,2023-04-08,45000.0
1388,Harsh,21,Male,73,CSE,harsh@gmail.com,Mumbai,2023-05-15,45000.0
1389,Tina,21,Female,82,ME,tina@gmail.com,Mumbai,2023-03-12,45000.0
1390,Vikas,20,Male,40,ECE,vikas@gmail.com,Bangalore,2023-03-15,45000.0
1391, Ravi ,21,Male,78,ECE,ravi@gmail,Delhi,10-02-2023,45000.0
1392,Swati,20,Female,59,CSE,swati@gmail.com,Pune,2023-03-25,45000.0
1393,Sneha,20,Female,78,ECE,sneha@gmail.com,Pune,2023-05-01,45000.0
1394, Ravi ,21,Male,78,ECE,ravi@gmail,Delhi,10-02-2023,45000.0
1394,Naresh,22,Male,absent,ME,naresh@gmail.com,Mumbai,2023-03-22,45000.0
1396,Nikita,19,Female,55,CSE,nikita@gmail,Chennai,2023-02-28,45000.0
1397,Amit,23,Male,,CSE,amit@gmail.com,Mumbai,,45000.0
1398,Manish,22,Male,65,CSE,manish@gmail,Delhi,2023-04-10,45000.0
1399,Simran,19,Female,,ME,simran@gmail.com,Chennai,2023-03-01,-45000
1400,Yogesh,21,Male,66,ME,yogesh@gmail.com,Delhi,2023-05-05,45000.0
1401,Kavita,22,Female,88,ECE,kavita@gmail.com,Pune,2023-05-18,45000.0
1402,Shalini,21,Female,102,ME,shalini@gmail.com,Delhi,2023-04-25,45000.0
1403,Pallavi,19,Female,47,ME,pallavi@gmail.com,,2023-03-30,45000.0
1404,Sneha,20,Female,78,ECE,sneha@gmail.com,Pune,2023-05-01,45000.0
1405,Naresh,22,Male,72,ME,naresh@gmail.com,Mumbai,2023-03-22,45000.0
1406,Komal,19,Female,55,ME,komal@gmail.com,Pune,2023-04-15,45000.0
1407,Unknown,20,,45,CSE,unknown,Bangalore,wrong_date,
1408,Deepa,21,Female,68,ECE,deepa@gmail.com,Delhi,2023-03-20,45000.0
1409,Kiran,19,Male,abc,CSE,kiran@gmail.com,Pune,2023-03-18,45000.0
1410,Ramesh,22,Male,34,ECE,ramesh@gmail.com,Mumbai,2023-02-12,45000.0
1411,123,21,Male,45,cse,invalid,Bangalore,2023-13-01,45000.0
1412,Abhishek,21,Male,83,CSE,abhishek@gmail.com,Delhi,2023-04-18,45000.0
1413,Naveen,20,Male,54,ECE,naveen@gmail.com,Pune,2023-05-10,45000.0
1414,Raj,22,Male,90,CSE,,Delhi,2023-03-10,45000.0
1415,Anuj,20,Male,85,CSE,anuj@gmail.com,Delhi,2023-01-10,45000.0
1416,Rohit,20,,60,ECE,rohit@gmail.com,Mumbai,2023-02-15,
1417,Divya,19,Female,69,ME,divya@gmail.com,Delhi,,45000.0
1418,Akash,23,Male,110,ME,akash@gmail.com,Pune,2023-02-22,45000.0
1419,Sunita,20,Female,35,ECE,sunita@gmail.com,Delhi,2023-02-18,45000.0
1420,123,21,Female,39,ME,pooja@gmail.com,Pune,2023-02-05,45000.0
1421,Vikas,20,Male,40,ECE,vikas@gmail.com,Bangalore,2023-03-15,45000.0
1422, ,21,Male,67,CSE, ,Delhi,2023-01-25,45000.0
1423,Ajay,21,Male,,ECE,ajay@gmail.com,Delhi,2023-03-28,45000.0
1424,Varun,20,Male,N/A,ECE,varun@gmail.com,Mumbai,2023-04-12,45000.0
1425, Ravi ,21,Male,78,ECE,ravi@gmail,Delhi,10-02-2023,45000.0
1426,Rohini,21,Female,92,ME,rohini@gmail.com,Pune,2023-04-08,45000.0
1427,Vikas,20,Male,40,ECE,abc@,Bangalore,2023-03-15,-45000
1428,Tina,21,Female,82,ME,@gmail.com,Mumbai,2023-03-12,45000.0
1429,Deepa,21,Female,68,ECE,deepa@gmail.com,Delhi,2023-03-20,45000.0
1430,Tina,21,Female,82,ME,tina@gmail.com,Mumbai,2023-03-12,45000.0
1431,Tina,21,Female,82,ME,tina@gmail.com,Mumbai,2023-03-12,45000.0
1432,Sameer,23,Male,91,ME,sameer@gmail.com,Delhi,2023-05-20,45000.0
1433,Sneha,20,Female,78,ECE,sneha@gmail.com,Pune,2023-05-01,45000.0
1434,Neha,20,Female,88,CSE,anuj@gmail.com,Delhi,2023-01-10,45000.0
1435, ,21,Male,67,CSE, ,Delhi,2023-01-25,45000.0
1436,Yogesh,21,Male,66,ME,yogesh@gmail.com,Delhi,2023-05-05,45000.0
1437,Reena,20,Female,91,ECE,reena@gmail.com,Mumbai,2023-04-20,45000.0
1438,Manish,22,Male,65,CSE,manish@gmail,Delhi,2023-04-10,45000.0
1439,Rohit,20,,60,ECE,rohit@gmail.com,Mumbai,2023-02-15,
1440,Farah,22,Female,81,CSE,farah@gmail.com,Mumbai,2023-05-08,45000.0
1441,Farah,22,Female,81,CSE,farah@gmail.com,Mumbai,2023-05-08,45000.0
1442,Aman,-1,Male,-10,CSE, ,Pune,2023-01-10,45000.0
1443,Shalini,21,Female,102,ME,shalini@gmail.com,Delhi,2023-04-25,45000.0
1444,Priya,19,Female,105,CSE,priya@gmail.com,,invalid,45000.0
1444,,20,Female,88,CSE,anuj@gmail.com,Delhi,2023-01-10,45000.0
1446,Naveen,20,Male,54,ECE,naveen@gmail.com,Pune,2023-05-10,45000.0
1447,Rohini,21,Female,92,ME,rohini@gmail.com,Pune,2023-04-08,45000.0
1448,Sanjay,23,Male,88,CSE,sanjay@gmail.com,Mumbai,2023-04-02,45000.0
1449,Harsh,21,Male,,CSE,harsh@gmail.com,Mumbai,2023-05-15,45000.0
1450,Komal,19,Female,55,ME,komal@gmail.com,Pune,32-13-2023,45000.0
1451,Amit,23,Male,,CSE,amit@gmail.com,Mumbai,2023-04-28,45000.0
1452,Akash,23,Male,110,ME,akash@gmail.com,Pune,2023-02-22,45000.0
1453,Ramesh,22,Male,34,ECE,ramesh@gmail.com,Mumbai,2023-02-12,45000.0
1454,Unknown,20,,45,CSE,unknown,Bangalore,2023/99/01,45000.0
1455,Sneha,20,Female,78,ECE,sneha@gmail.com,Pune,32-13-2023,45000.0
1456,Sanjay,23,Male,88,CSE,sanjay@gmail.com,Mumbai,2023-04-02,45000.0
1457,Meena,20,Female,-5,ECE,meena@gmail.com,Pune,2023-03-08,45000.0
1458,Nikita,19,Female,55,CSE,nikita@gmail,Chennai,2023-02-28,45000.0
1459,,20,Female,-5,ECE,meena@gmail.com,Pune,2023-03-08,45000.0
1460,Ajay,21,Male,-20,ECE,ajay@gmail.com,Delhi,2023-03-28,45000.0
1461,Naresh,22,Male,72,ME,naresh@gmail.com,Mumbai,2023-03-22,45000.0
1462,Reena,20,Female,91,ECE,reena@gmail.com,Mumbai,2023-04-20,45000.0
1463,Naresh,22,Male,72,ME,naresh@gmail.com,Mumbai,2023-03-22,45000.0
1464,Vikas,20,Male,40,ECE,vikas@gmail.com,Bangalore,2023-03-15,45000.0
1465,Simran,19,Female,,ME,simran@gmail.com,Chennai,2023-03-01,45000.0
1466,Pooja,21,Female,39,ME,pooja@gmail.com,Pune,2023-02-05,45000.0
1467,Anuj,20,Male,85,CSE,anuj@gmail.com,Delhi,2023-01-10,45000.0
1468,Anuj,20,Male,85,CSE,anuj@gmail.com,Delhi,2023-01-10,45000.0
1469,Harsh,21,Male,73,CSE,harsh@gmail.com,Mumbai,2023-05-15,45000.0
1470,Varun,20,Male,-20,ECE,varun@gmail.com,Mumbai,2023-04-12,forty thousand
1471,Rohini,21,Female,92,ME,rohini@gmail.com,Pune,2023-04-08,45000.0
1472,Kavita,22,Female,88,ECE,kavita@gmail.com,Pune,2023-05-18,45000.0
1472,Deepa,21,Female,68,ECE,deepa@gmail.com,Delhi,,45000.0
1474,Amit,23,Male,,CSE,amit@gmail.com,Mumbai,2023-04-28,45000.0
1475,Naveen,20,Male,54,ECE,naveen@gmail.com,Pune,2023-05-10,45000.0
1476,Anuj,20,Male,85,CSE,anuj@gmail.com,Delhi,2023-01-10,45000.0
1477,Akash,23,Male,110,ME,akash@gmail.com,Pune,2023-02-22,45000.0
1478,Shalini,150,Female,102,ME,shalini@gmail.com,Delhi,2023-04-25,45000.0
1479,Aman,-1,Male,-10,CSE, ,Pune,2023-01-10,45000.0
1480,Tina,21,Female,82,ME,tina@gmail.com,Mumbai,2023-03-12,45000.0
1481,Pallavi,19,Female,47,ME,pallavi@gmail.com,,2023-03-30,45000.0
1482,,22,Female,Ninety,ME,,Mumbai,32-13-2023,45000.0
1483,Pooja,21,Female,39,ME,pooja@gmail.com,Pune,2023-02-05,45000.0
1484,Naresh,22,Male,72,ME,naresh@gmail.com,Mumbai,2023-03-22,45000.0
1485,Akash,23,Male,110,,akash@gmail.com,Pune,2023-02-22,45000.0
1486,Reena,20,Female,91,ECE,reena@gmail.com,Mumbai,2023-04-20,45000.0
1487,Tina,21,Female,82,ME,tina@gmail.com,Mumbai,2023-03-12,45000.0
1488,Pallavi,19,Female,47,ME,pallavi@gmail.com,,2023-03-30,45000.0
1489,Sunita,20,Female,35,ECE,sunita@gmail.com,Delhi,wrong_date,45000.0
1490,Ajay,21,Male,,Mechanical,ajay@gmail.com,Delhi,2023-03-28,45000.0
1491,Aman,-1,Male,-10,CSE, ,Pune,2023-01-10,45000.0
1492,Harsh,21,Male,73,CSE,harsh@gmail.com,Mumbai,2023-05-15,45000.0
1493,Sameer,23,Male,91,ME,sameer@gmail.com,Delhi,2023-05-20,45000.0
1494,,23,Male,88,CSE,sanjay@gmail.com,Mumbai,32-13-2023,45000.0
1495,Divya,19,Female,69,ME,,Delhi,2023-05-12,45000.0
1495,Aman,-1,Male,-10,CSE, ,Pune,2023-01-10,45000.0
1497,Pooja,21,Female,N/A,ME,pooja@gmail.com,Pune,2023/99/01,45000.0
1498,Akash,23,Male,110,ME,akash@gmail.com,Pune,2023-02-22,forty thousand
1499,Naresh,22,Male,72,ME,naresh@gmail.com,Mumbai,2023-03-22,45000.0
1500,Naresh,22,Male,72,ME,naresh@gmail.com,Mumbai,2023-03-22,45000.0
1501,Kavita,22,Female,88,ECE,kavita@gmail.com,Pune,2023-05-18,45000.0
1502,Raj,twenty,Male,90,CSE,raj@gmail.com,Delhi,2023-03-10,45000.0
1503,Shalini,21,Female,102,ME,shalini@gmail.com,Delhi,2023-04-25,45000.0
1504,Abhishek,-1,Male,83,CSE,abhishek@gmail.com,Delhi,2023-04-18,45000.0
1505,Manish,22,Male,65,CSE,manish@gmail,Delhi,2023-04-10,45000.0
1506,Sanjay,23,Male,88,CSE,sanjay@gmail.com,Mumbai,2023-04-02,45000.0
1507,Reena,20,Female,91,ECE,reena@gmail.com,Mumbai,2023-04-20,45000.0
1508,Vikas,20,Male,40,ECE,vikas@gmail.com,Bangalore,2023-03-15,45000.0
1509,Kunal,22,Male,72,CSE,kunal@gmail.com,Delhi,2023-01-20,45000.0
1510,Aman,-1,Male,-10,CSE, ,Pune,2023-01-10,45000.0
1511,Abhishek,21,Male,83,cse,abhishek@gmail.com,Delhi,2023-04-18,45000.0
1512,Varun,20,Male,-20,ECE,varun@gmail.com,Mumbai,2023-04-12,45000.0
1513,Neelam,20,Female,-20,ECE,neelam@gmail.com,Delhi,2023-04-05,45000.0
1514,Kunal,22,Male,72,CSE,kunal@gmail.com,Delhi,2023-01-20,45000.0
1515,Meena,20,Female,-5,ECE,meena@gmail.com,Pune,2023-03-08,45000.0
1516,Rohini,21,Female,92,ME,rohini@gmail.com,Pune,2023-04-08,45000.0
1517,Anuj,20,Male,85,CSE,@gmail.com,Delhi,2023-01-10,45000.0
1518,Aman,-1,Male,-10,CSE, ,Pune,2023-01-10,45000.0
1519,Naveen,20,Male,54,ECE,naveen@gmail.com,Pune,2023-05-10,45000.0
1520,Priya,twenty,Female,105,CSE,priya@gmail.com,,invalid,45000.0
1521,Akash,23,Male,110,ME,akash@gmail.com,Pune,2023-02-22,45000.0
1522,Kiran,19,Male,abc,CSE,kiran@gmail.com,Pune,2023-03-18,45000.0
1523,Akash,23,Male,110,ME,akash@gmail.com,Pune,2023-02-22,45000.0
1524, Ravi ,21,Male,78,ECE,ravi@gmail,Delhi,10-02-2023,45000.0
1525,Sameer,23,Male,91,ME,sameer@gmail.com,Delhi,2023-05-20,45000.0
1526,Ajay,150,Male,,ECE,ajay@gmail.com,Delhi,2023-03-28,45000.0
1527,Rohini,21,Female,92,ME,rohini@gmail.com,Pune,2023-04-08,45000.0
1528,Swati,20,Female,59,CSE,swati@gmail.com,Pune,2023-03-25,45000.0
1529,Raj,22,Male,90,CSE,raj@gmail.com,Delhi,2023-03-10,45000.0
1530,Kiran,-1,Male,abc,CSE,kiran@gmail.com,Pune,2023-03-18,45000.0
1531,Pooja,21,Female,39,ME,pooja@gmail.com,Pune,2023-02-05,45000.0
1532,Unknown,20,,45,CSE,unknown,Bangalore,wrong_date,45000.0
1533,Komal,19,Female,55,ME,komal@gmail.com,Pune,2023-04-15,45000.0
1534,Manish,22,Male,65,CSE,manish@gmail,Delhi,2023-04-10,45000.0
1535,Manish,22,Male,65,CSE,manish@gmail,Delhi,2023-04-10,45000.0
1536,Yogesh,21,Male,66,ME,yogesh@gmail.com,Delhi,2023-05-05,45000.0
1537,Reena,20,Female,91,ECE,reena@gmail.com,Mumbai,2023-04-20,45000.0
1538,Pooja,21,Female,39,ME,@gmail.com,Pune,2023-02-05,45000.0
1539,123,22,Female,Ninety,ME,,Mumbai,2023/03/15,45000.0
1539,Anuj,20,Male,85,CSE,anuj@gmail.com,Delhi,2023-01-10,45000.0
1541,Manish,22,Male,65,CSE,manish@gmail,Delhi,2023-04-10,45000.0
1542,Amit,23,Male,,CSE,amit@gmail.com,Mumbai,2023-04-28,45000.0
1543,Kunal,22,Male,72,CSE,kunal@gmail.com,Delhi,2023-01-20,45000.0
1544,Yogesh,21,Male,66,ME,yogesh@gmail.com,Delhi,2023-05-05,45000.0
1545,Farah,22,Female,81,CSE,farah@gmail.com,Mumbai,2023-05-08,45000.0
1546,Pallavi,19,Female,47,ME,pallavi@gmail.com,,2023-03-30,45000.0
1547,Ramesh,22,Male,34,ECE,ramesh@gmail.com,Mumbai,2023-02-12,45000.0
1548,Pooja,21,Female,39,ME,pooja@gmail.com,Pune,2023-02-05,45000.0
1548,Neelam,20,Female,76,ECE,neelam@gmail.com,Delhi,2023-04-05,45000.0
1550,Divya,19,Female,69,ME,divya@gmail.com,Delhi,2023-05-12,45000.0
1551, Ravi ,21,Male,78,ECE,ravi@gmail,Delhi,10-02-2023,45000.0
1552,Unknown,0,,45,CSE,unknown,Bangalore,wrong_date,45000.0
1553,Komal,0,Female,55,ME,komal@gmail.com,Pune,2023-04-15,45000.0
1554,Vikas,20,Male,40,ECE,vikas@gmail.com,Bangalore,2023-03-15,45000.0
1555,Nikita,19,Female,55,CSE,nikita@gmail,Chennai,2023-02-28,45000.0
1556,Naresh,22,Male,120,ME,naresh@gmail.com,Mumbai,2023-03-22,45000.0
1557,Rohit,20,,60,ECE,rohit@gmail.com,Mumbai,2023-02-15,
1558,Pallavi,19,Female,47,ME,pallavi@gmail.com,,2023-03-30,45000.0
1559,Naresh,22,Male,72,ME,naresh@gmail.com,Mumbai,2023-03-22,45000.0
1560,Kunal,22,Male,72,CSE,kunal@gmail.com,Delhi,2023-01-20,45000.0
1561,Naresh,22,Male,72,ME,naresh@gmail.com,Mumbai,2023-03-22,45000.0
1562,Varun,20,Male,-20,ECE,varun@gmail.com,Mumbai,2023-04-12,45000.0
1563,Amit,23,Male,,CSE,amit@gmail.com,Mumbai,2023-04-28,45000.0
1564,,21,Male,45,cse,invalid,Bangalore,2023-13-01,45000.0
1565,Priya,19,Female,105,CSE,priya@gmail.com,,invalid,45000.0
1566,Unknown,20,,45,CSE,unknown,Bangalore,wrong_date,45000.0
1567,Naveen,20,Male,54,ECE,naveen@gmail.com,Pune,2023-05-10,45000.0
1568,Anuj,20,Male,85,CSE,anuj@gmail.com,Delhi,2023-01-10,45000.0
1569,Pallavi,19,Female,47,ME,pallavi@gmail.com,,2023-03-30,45000.0
1570,Abhishek,21,Male,83,CSE,abhishek@gmail.com,Delhi,2023-04-18,45000.0
1571,Deepa,21,Female,68,ECE,deepa@gmail.com,Delhi,2023-03-20,45000.0
1572,Raj,22,Male,90,CSE,raj@gmail.com,Delhi,2023-03-10,45000.0
1573,Abhishek,21,Male,83,CSE,abhishek@gmail.com,Delhi,2023-04-18,45000.0
1574,Kunal,22,Male,72,CSE,kunal@gmail.com,Delhi,2023-01-20,45000.0
1575,Reena,20,Unknown,91,ECE,reena@gmail.com,Mumbai,2023-04-20,45000.0
1576,Simran,19,Female,absent,ME,simran@gmail.com,Chennai,2023-03-01,45000.0
1577,Kiran,19,Male,abc,CSE,kiran@gmail.com,Pune,2023-03-18,45000.0
1578,Komal,19,Female,55,ME,komal@gmail.com,Pune,2023-04-15,45000.0
1579,Sameer,23,Male,91,ME,sameer@gmail.com,Delhi,2023-05-20,45000.0
1580,Komal,19,Female,55,ME,komal@gmail.com,Pune,2023-04-15,45000.0
1581,Kavita,22,Female,88,ECE,kavita@gmail.com,Pune,2023-05-18,45000.0
1582,Abhishek,21,Male,83,CSE,abhishek@gmail.com,Delhi,2023-04-18,45000.0
1583,,21,Male,48,ME,,Mumbai,2023-03-05,45000.0
1584,Sameer,23,Male,91,ME,sameer@gmail.com,Delhi,2023-05-20,45000.0
1585,Shalini,21,F,102,ME,shalini@gmail.com,Delhi,2023-04-25,45000.0
1586,,21,Female,92,ME,rohini@gmail.com,Pune,2023-04-08,45000.0
1587,Kiran,19,Male,abc,CSE,kiran@gmail.com,Pune,2023-03-18,45000.0
1588,Vikas,20,Male,40,ECE,@gmail.com,Bangalore,2023-03-15,45000.0
1589,   Ravi   ,21,,92,ME,rohini@gmail.com,Pune,2023-04-08,45000.0
1590,Reena,20,Female,91,ECE,reena@gmail.com,Mumbai,2023-04-20,45000.0
1591,Pooja,21,Female,39,ME,pooja@gmail.com,Pune,2023-02-05,45000.0
1592,Sameer,23,Male,absent,ME,sameer@gmail.com,Delhi,2023-05-20,45000.0
1593,Ramesh,22,Male,34,ECE,ramesh@gmail.com,Mumbai,2023-02-12,45000.0
1593,Vikas,20,Male,40,ECE,vikas@gmail.com,Bangalore,2023/99/01,45000.0
1595,Deepa,21,Female,68,ECE,deepa@gmail.com,Delhi,2023-03-20,45000.0
1596,Komal,19,Female,55,ME,komal@gmail.com,Pune,2023-04-15,45000.0
1597,Amit,23,Male,,CSE,amit@gmail.com,Mumbai,2023-04-28,45000.0
1598,Sanjay,23,Male,88,CSE,sanjay@gmail.com,Mumbai,2023-04-02,45000.0
1599,Nikita,twenty,Female,55,CSE,nikita@gmail,Chennai,2023-02-28,45000.0
1600,Sameer,23,Male,91,ME,sameer@gmail.com,Delhi,2023-05-20,45000.0
1601,Raj,22,Male,90,CSE,raj@gmail.com,Delhi,2023/99/01,45000.0
1602,Kavita,22,,88,ECE,kavita@gmail.com,Pune,2023-05-18,45000.0
1603,Deepa,21,Female,68,ECE,deepa@gmail.com,Delhi,2023-03-20,45000.0
1604,Tina,21,Female,82,ME,tina@gmail.com,Mumbai,2023-03-12,45000.0
1605,Ramesh,22,Male,N/A,ECE,ramesh@gmail.com,Mumbai,2023/99/01,45000.0
1606,Meena,20,Female,-5,ECE,meena@gmail.com,Pune,2023-03-08,45000.0
1607,Sameer,23,Male,91,ME,sameer@gmail.com,Delhi,2023-05-20,45000.0
1608,Abhishek,21,Male,83,CSE,abhishek@gmail.com,Delhi,2023-04-18,45000.0
1609,Pooja,21,Female,39,ME,pooja@gmail.com,Pune,2023-02-05,45000.0
1610,Amit,23,Male,,CSE,amit@gmail.com,Mumbai,,45000.0
1611,Meena,20,Female,-5,ECE,meena@gmail.com,Pune,2023-03-08,45000.0
1612,Pooja,21,Female,39,ME,pooja@gmail.com,Pune,2023-02-05,45000.0
1613,Simran,19,Female,,ME,simran@gmail.com,Chennai,2023-03-01,45000.0
1614,123,21,Male,45,cse,invalid,Bangalore,,45000.0
1615,Ajay,21,Male,,ECE,ajay@gmail.com,Delhi,2023-03-28,45000.0
1616,Sunita,20,Female,35,ECE,sunita@gmail.com,Delhi,2023-02-18,45000.0
1617,Neelam,20,Female,76,ECE,neelam@gmail.com,Delhi,2023-04-05,45000.0
1618,Meena,20,Female,-5,ECE,meena@gmail.com,Pune,2023-03-08,45000.0
1619,Harsh,21,Male,73,CSE,harsh@gmail.com,Mumbai,2023-05-15,
1620,Akash,23,Male,110,Mechanical,akash@gmail.com,Pune,2023-02-22,45000.0
1621,Aman,-1,Male,-10,CSE, ,Pune,2023-01-10,45000.0
1622,Komal,19,Female,55,ME,komal@gmail.com,Pune,wrong_date,45000.0
1623,Pooja,150,Female,39,ME,pooja@gmail.com,Pune,2023-02-05,45000.0
1624,Deepa,21,Female,68,ECE,deepa@gmail.com,Delhi,2023-03-20,45000.0
1625,Raj,22,Male,90,CSE,raj@gmail.com,Delhi,2023-03-10,45000.0
1625,Abhishek,21,Male,83,CSE,abhishek@gmail.com,Delhi,2023-04-18,45000.0
1627,Vikas,20,Male,40,ECE,vikas@gmail.com,Bangalore,2023-03-15,45000.0
1628,Akash,23,Male,110,ME,akash@gmail.com,Pune,2023-02-22,45000.0
1629,Shalini,21,Female,102,ME,shalini@gmail.com,Delhi,,45000.0
1630,Naveen,20,Male,-20,ECE,naveen@gmail.com,Pune,2023-05-10,45000.0
1631,Sneha,20,Female,78,ECE,sneha@gmail.com,Pune,2023-05-01,45000.0
1632,Shalini,21,Female,-20,ME,shalini@gmail.com,Delhi,2023-04-25,45000.0
1633,Sunita,20,Female,35,ECE,sunita@gmail.com,Delhi,2023-02-18,45000.0
1634,Neelam,20,Female,76,ECE,neelam@gmail.com,Delhi,2023-04-05,45000.0
1635,Aman,-1,Male,-10,CSE, ,Pune,2023-01-10,45000.0
1636,Komal,19,Female,55,ME,komal@gmail.com,Pune,2023-04-15,45000.0
1637,Vikas,20,Male,40,ECE,vikas@gmail.com,Bangalore,2023-03-15,45000.0
1638,Pallavi,19,Female,47,ME,@gmail.com,,2023-03-30,45000.0
1639,Yogesh,21,Male,66,ME,yogesh@gmail.com,Delhi,2023-05-05,45000.0
1640,Anuj,20,Male,85,CSE,anuj@gmail.com,Delhi,2023-01-10,45000.0
1641,Suresh,21,Male,48,ME,,Mumbai,,45000.0
1642,Harsh,21,Male,73,,harsh@gmail.com,Mumbai,2023-05-15,45000.0
1643,Pooja,21,Female,39,ME,pooja@gmail.com,Pune,2023-02-05,45000.0
1644,,19,Female,,ME,simran@gmail.com,Chennai,2023/99/01,45000.0
1645,Kunal,22,Male,72,CSE,kunal@gmail.com,Delhi,2023-01-20,45000.0
1646,Farah,22,Female,81,CSE,farah@gmail.com,Mumbai,2023-05-08,45000.0
1647,Nikita,19,Female,55,CSE,nikita@gmail,Chennai,2023-02-28,45000.0
1648,   Ravi   ,22,Male,100,CSE,,Pune,2023-04-22,45000.0
1649,123,21,Male,45,cse,invalid,Bangalore,2023-13-01,45000.0
1650,Divya,19,Female,69,ME,divya@gmail.com,Delhi,2023-05-12,45000.0
1651,Ramesh,22,Male,34,ECE,ramesh@gmail.com,Mumbai,2023-02-12,45000.0
1652,Amit,23,Male,,CSE,amit@gmail.com,Mumbai,2023-04-28,45000.0
1653,Sneha,20,Female,78,ECE,sneha@gmail.com,Pune,2023-05-01,45000.0
1654,Simran,19,,,ME,simran@gmail.com,Chennai,2023-03-01,45000.0
1655,Unknown,20,,45,CSE,unknown,Bangalore,,45000.0
1656,Swati,20,Female,59,CSE,swati@gmail.com,Pune,2023-03-25,45000.0
1657, Ravi ,21,Male,78,ECE,ravi@gmail,Delhi,10-02-2023,45000.0
1658,,-1,Male,-10,CSE, ,Pune,2023-01-10,45000.0
1659,Pallavi,19,Female,47,ME,pallavi@gmail.com,,2023-03-30,45000.0
1660,Reena,20,Female,91,ECE,reena@gmail.com,Mumbai,2023-04-20,45000.0
1661,Prakash,22,Male,100,CSE,prakash@gmail.com,Pune,2023-04-22,45000.0
1662,Meena,20,Female,-5,ECE,meena@gmail.com,Pune,2023-03-08,45000.0
1663,Rohit,20,,60,ECE,rohit@gmail.com,Mumbai,2023-02-15,
1664,Kavita,22,Female,88,ECE,kavita@gmail.com,Pune,2023-05-18,45000.0
1665,Naveen,20,Male,54,ECE,naveen@gmail.com,Pune,2023-05-10,
1666,Anuj,20,Male,85,CSE,anuj@gmail.com,Delhi,2023-01-10,45000.0
1667,Tina,21,Female,82,ME,tina@gmail.com,Mumbai,2023-03-12,45000.0
1668,Nikita,19,Female,55,CSE,nikita@gmail,Chennai,2023-02-28,45000.0
1669,   Ravi   ,21,Male,45,cse,,Bangalore,2023-13-01,45000.0
1670,   Ravi   ,21,Female,68,ECE,deepa@gmail.com,Delhi,2023-03-20,45000.0
1671,Naveen,20,Male,54,ECE,naveen@gmail.com,Pune,2023-05-10,45000.0
1672,Priya,19,Female,105,CSE,priya@gmail.com,,invalid,45000.0
1673,Abhishek,21,Male,83,CSE,abhishek@gmail.com,Delhi,2023-04-18,45000.0
1674,Neha,20,Female,88,CSE,anuj@gmail.com,Delhi,2023-01-10,45000.0
1674,Neelam,20,Female,76,ECE,neelam@gmail.com,Delhi,2023-04-05,45000.0
1676,Meena,20,Female,absent,ECE,meena@gmail.com,Pune,2023-03-08,45000.0
1677,Farah,22,Female,81,CSE,farah@gmail.com,Mumbai,2023-05-08,45000.0
1678,Shalini,21,Female,102,ME,shalini@gmail.com,Delhi,2023-04-25,45000.0
1679,Swati,20,Female,59,CSE,swati@gmail.com,Pune,2023-03-25,45000.0
1680,Kunal,22,Male,72,CSE,kunal@gmail.com,Delhi,2023-01-20,45000.0
1681,Naresh,22,,72,ME,naresh@gmail.com,Mumbai,2023-03-22,45000.0
1682,Meena,20,Female,-5,ECE,meena@gmail.com,Pune,2023-03-08,45000.0
1683,Shalini,21,Female,,ME,shalini@gmail.com,Delhi,2023-04-25,45000.0
1683,,22,Female,Ninety,ME,,Mumbai,2023/03/15,45000.0
1685,Naveen,20,Male,54,ECE,naveen@gmail.com,Pune,2023-05-10,45000.0
1686,Ramesh,22,Male,34,ECE,ramesh@gmail.com,Mumbai,2023-02-12,45000.0
1687,Unknown,20,,N/A,CSE,unknown,Bangalore,wrong_date,45000.0
1688,Ajay,21,Unknown,,ECE,ajay@gmail.com,Delhi,2023-03-28,45000.0
1689,Raj,22,Male,90,CSE,raj@gmail.com,Delhi,2023-03-10,45000.0
1690,Ajay,21,Male,,ECE,ajay@gmail.com,Delhi,2023-03-28,45000.0
1691,Rohit,20,,60,,rohit@gmail.com,Mumbai,2023-02-15,
1691,Amit,23,Male,,CSE,amit@gmail.com,Mumbai,2023-04-28,45000.0
1693,Shalini,21,Female,102,,shalini@gmail.com,Delhi,2023-04-25,45000.0
1694,Anuj,20,Male,85,CSE,anuj@gmail.com,Delhi,2023-01-10,45000.0
1695,,22,Female,Ninety,ME,,Mumbai,2023/03/15,45000.0
1696,Ramesh,22,Male,34,ECE,ramesh@gmail.com,Mumbai,2023-02-12,45000.0
1697,Ajay,21,Male,,ECE,ajay@gmail.com,Delhi,2023-03-28,45000.0
1698,Sameer,23,Male,91,ME,sameer@gmail.com,Delhi,2023-05-20,45000.0
1699,Deepa,21,Female,68,ECE,deepa@gmail.com,Delhi,2023-03-20,45000.0
1700,Manish,22,Male,65,CSE,manish@gmail,Delhi,2023-04-10,45000.0
1701,Prakash,22,Male,100,CSE,prakash@gmail.com,Pune,2023-04-22,45000.0
1702,Neha,20,Female,88,CSE,anuj@gmail.com,Delhi,2023-01-10,45000.0
1703,Farah,22,Female,81,CSE,farah@gmail.com,Mumbai,2023-05-08,45000.0
1704,Naveen,20,,54,ECE,naveen@gmail.com,Pune,2023-05-10,45000.0
1705,Rohini,21,Female,92,ME,rohini@gmail.com,Pune,2023-04-08,45000.0
1706,Naveen,20,Male,54,ECE,naveen@gmail.com,Pune,2023-05-10,45000.0
1707,Harsh,21,Male,N/A,CSE,harsh@gmail.com,Mumbai,2023-05-15,45000.0
1708,Raj,22,Male,90,CSE,raj@gmail.com,Delhi,2023-03-10,45000.0
1709,Akash,23,Male,110,ME,akash@gmail.com,Pune,2023-02-22,45000.0
1710,Raj,22,Male,90,CSE,raj@gmail.com,Delhi,2023-03-10,45000.0
1711,Anuj,20,Male,85,CSE,anuj@gmail.com,Delhi,2023/99/01,45000.0
1712,Reena,20,Female,91,ECE,reena@gmail.com,Mumbai,2023-04-20,45000.0
1713,Abhishek,21,Male,83,CSE,abhishek@gmail.com,Delhi,2023-04-18,45000.0
1714,Komal,19,Female,55,ME,komal@gmail.com,Pune,2023-04-15,45000.0
1715,Meena,20,Female,-5,ECE,meena@gmail.com,Pune,2023-03-08,
1716,Raj,22,Male,90,CSE,raj@gmail.com,Delhi,2023-03-10,45000.0
1717,Suresh,21,Male,48,ME,,Mumbai,2023-03-05,45000.0
1718,Harsh,21,Male,73,CSE,harsh@gmail.com,Mumbai,2023-05-15,45000.0
1719,Amit,23,Male,,cse,amit@gmail.com,Mumbai,2023-04-28,45000.0
1720,Sameer,23,Male,91,ME,sameer@gmail.com,Delhi,2023-05-20,45000.0
1721,Sunita,20,Female,35,ECE,sunita@gmail.com,Delhi,2023-02-18,45000.0
1722, ,21,Male,67,CSE, ,Delhi,2023-01-25,45000.0
1723,Neelam,20,Female,76,ECE,neelam@gmail.com,Delhi,2023-04-05,45000.0
1724,Anuj,20,Male,85,CSE,anuj@gmail.com,Delhi,2023-01-10,45000.0
1725,,22,Female,Ninety,ME,,Mumbai,,45000.0
1726,Akash,23,Male,110,ME,akash@gmail.com,Pune,2023-02-22,45000.0
1727,Vikas,20,Male,40,ECE,vikas@gmail.com,Bangalore,2023-03-15,45000.0
1728,Anuj,20,Male,85,CSE,anuj@gmail.com,Delhi,2023-01-10,45000.0
1729,Pooja,21,Female,39,ME,pooja@gmail.com,Pune,2023-02-05,45000.0
1730,Kunal,22,Male,72,CSE,kunal@gmail.com,Delhi,2023-01-20,45000.0
1731,Rohini,21,Female,92,ME,rohini@gmail.com,Pune,2023-04-08,45000.0
1732,Akash,23,Male,110,ME,akash@gmail.com,Pune,2023-02-22,45000.0
1733,Rohit,20,,60,ECE,rohit@gmail.com,Mumbai,2023-02-15,
1734,Prakash,22,Male,100,CSE,prakash@gmail.com,Pune,2023-04-22,45000.0
1735,Pooja,21,Female,39,ME,pooja@gmail.com,Pune,2023-02-05,45000.0
1736,Kiran,19,Male,abc,CSE,kiran@gmail.com,Pune,32-13-2023,45000.0
1737,Ajay,-1,Male,,ECE,ajay@gmail.com,Delhi,2023-03-28,45000.0
1738,Rohit,20,,60,ECE,rohit@gmail.com,Mumbai,2023-02-15,
1739,Ajay,21,Male,,ECE,ajay@gmail.com,Delhi,2023-03-28,45000.0
1740,Abhishek,21,Male,83,CSE,abhishek@gmail.com,Delhi,2023-04-18,
1741,Naresh,22,Male,72,ME,naresh@gmail.com,Mumbai,2023-03-22,45000.0
1742,Rohit,20,,60,ECE,rohit@gmail.com,Mumbai,2023-02-15,
1743,Unknown,0,,45,CSE,unknown,Bangalore,wrong_date,45000.0
1744,Ajay,21,Male,,ECE,invalid,Delhi,2023-03-28,45000.0
1745,Ajay,21,Male,,ECE,ajay@gmail.com,Delhi,2023-03-28,45000.0
1746,Reena,20,Female,91,ECE,@gmail.com,Mumbai,2023-04-20,45000.0
1747,Amit,23,Male,,CSE,amit@gmail.com,Mumbai,2023-04-28,45000.0
1748,Abhishek,21,Male,83,CSE,abhishek@gmail.com,Delhi,2023-04-18,45000.0
1749,Swati,20,Female,59,CSE,swati@gmail.com,Pune,2023-03-25,45000.0
1749,Nikita,19,Female,55,CSE,nikita@gmail,Chennai,2023-02-28,45000.0
1751,,19,Female,,ME,simran@gmail.com,Chennai,2023-03-01,45000.0
1752,Manish,0,Male,65,CSE,manish@gmail,Delhi,2023-04-10,45000.0
1753,Raj,22,Male,90,CSE,raj@gmail.com,Delhi,2023-03-10,45000.0
1754,Ramesh,22,Male,34,ECE,ramesh@gmail.com,Mumbai,2023-02-12,45000.0
1755,Ajay,21,Male,,ECE,ajay@gmail.com,Delhi,2023-03-28,45000.0
1756,Kavita,22,Female,88,ECE,kavita@gmail.com,Pune,2023-05-18,45000.0
1757,Pallavi,19,,47,cse,pallavi@gmail.com,,2023-03-30,45000.0
1758,Ramesh,22,Male,34,ECE,ramesh@gmail.com,Mumbai,2023-02-12,45000.0
1759,Divya,19,Female,69,ME,divya@gmail.com,Delhi,2023-05-12,45000.0
1760,Komal,19,Female,55,ME,komal@gmail.com,Pune,2023-04-15,45000.0
1761,Neha,20,Female,88,CSE,anuj@gmail.com,Delhi,2023-01-10,45000.0
1762,Suresh,21,Male,48,ME,,Mumbai,2023-03-05,45000.0
1763,Aman,-1,Male,-10,CSE, ,Pune,2023-01-10,45000.0
1764,Harsh,21,Male,73,CSE,harsh@gmail.com,Mumbai,2023-05-15,45000.0
1765,Deepa,21,Female,68,ECE,deepa@gmail.com,Delhi,2023-03-20,45000.0
1766, Ravi ,21,Male,78,ECE,ravi@gmail,Delhi,10-02-2023,45000.0
1767,Kunal,22,Male,72,CSE,kunal@gmail.com,Delhi,2023-01-20,45000.0
1768,Sanjay,23,Male,88,CSE,sanjay@gmail.com,Mumbai,2023-04-02,45000.0
1769,Unknown,20,,45,CSE,unknown,Bangalore,wrong_date,45000.0
1770,Naveen,20,Male,54,ECE,naveen@gmail.com,Pune,2023-05-10,45000.0
1771,Aman,-1,Male,-10,CSE, ,Pune,2023-01-10,45000.0
1772,Manish,22,Male,65,CSE,manish@gmail,Delhi,2023-04-10,45000.0
1773,Anuj,20,Male,85,CSE,anuj@gmail.com,Delhi,2023-01-10,45000.0
1774,Suresh,21,Male,48,ME,,Mumbai,2023-03-05,45000.0
1775,Rohini,21,Female,92,ME,rohini@gmail.com,Pune,2023-04-08,45000.0
1776,Harsh,21,Male,absent,CSE,,Mumbai,2023-05-15,45000.0
1777,Sameer,23,Male,91,ME,sameer@gmail.com,Delhi,wrong_date,45000.0
1778,Anuj,20,Male,-20,CSE,anuj@gmail.com,Delhi,2023-01-10,45000.0
1779,Raj,22,Male,90,CSE,raj@gmail.com,Delhi,2023-03-10,45000.0
1780,Naresh,22,Male,72,ME,naresh@gmail.com,Mumbai,2023-03-22,45000.0
1781,Deepa,21,M,68,ECE,deepa@gmail.com,Delhi,2023-03-20,45000.0
1782,Tina,21,Female,82,ME,tina@gmail.com,Mumbai,2023-03-12,45000.0
1783,Swati,20,Female,59,CSE,swati@gmail.com,Pune,2023-03-25,forty thousand
1784,Sameer,23,Male,91,ME,sameer@gmail.com,Delhi,2023-05-20,45000.0
1785,Ramesh,22,Male,34,ECE,ramesh@gmail.com,Mumbai,2023-02-12,45000.0
1786,Manish,22,Male,65,CSE,manish@gmail,Delhi,2023-04-10,45000.0
1787,Varun,20,Male,-20,ECE,varun@gmail.com,Mumbai,2023-04-12,
1788,Amit,23,Male,,CSE,amit@gmail.com,Mumbai,2023-04-28,45000.0
1789,Komal,19,Female,55,ME,komal@gmail.com,Pune,2023-04-15,
1790,Anuj,20,Male,85,CSE,anuj@gmail.com,Delhi,2023-01-10,45000.0
1791,Raj,22,Male,90,CSE,raj@gmail.com,Delhi,2023-03-10,45000.0
1792,Kavita,22,Female,88,ECE,kavita@gmail.com,Pune,2023-05-18,45000.0
1793,Neha,20,Female,88,CSE,anuj@gmail.com,Delhi,2023-01-10,forty thousand
1794,Ajay,150,Male,,ECE,ajay@gmail.com,Delhi,,45000.0
1795,Nikita,19,Female,55,CSE,nikita@gmail,Chennai,2023-02-28,45000.0
1796,Aman,-1,Male,-10,CSE, ,Pune,2023-01-10,45000.0
1797,Neelam,20,Female,76,,neelam@gmail.com,Delhi,2023-04-05,45000.0
1798,Aman,-1,Male,-10,CSE, ,Pune,2023-01-10,45000.0
1799,Prakash,22,Male,100,CSE,prakash@gmail.com,Pune,2023-04-22,45000.0
1800,,22,Female,Ninety,ME,,Mumbai,2023/03/15,45000.0
1801,Vikas,20,,40,ECE,vikas@gmail.com,Bangalore,2023-03-15,45000.0
1802,Reena,20,Female,91,ECE,abc@,Mumbai,2023-04-20,
1803,Reena,20,Female,91,ECE,reena@gmail.com,Mumbai,2023-04-20,45000.0
1804,Kunal,22,Male,72,CSE,kunal@gmail.com,Delhi,2023-01-20,
1805,Kunal,22,Male,72,CSE,kunal@gmail.com,Delhi,2023-01-20,45000.0
1806,Meena,20,Female,-5,ECE,meena@gmail.com,Pune,2023-03-08,45000.0
1807,Nikita,19,Female,55,CSE,nikita@gmail,Chennai,2023-02-28,45000.0
1808,Raj,22,Male,90,CSE,raj@gmail.com,Delhi,2023-03-10,45000.0
1809,Sunita,20,Female,35,ECE,sunita@gmail.com,Delhi,2023-02-18,45000.0
1810,Simran,19,Female,,ME,simran@gmail.com,Chennai,2023-03-01,45000.0
1811,Divya,19,Female,69,,divya@gmail.com,Delhi,2023-05-12,45000.0
1812,Anuj,20,Male,85,CSE,anuj@gmail.com,Delhi,2023-01-10,45000.0
1813,Naveen,20,Male,54,ECE,,Pune,2023-05-10,45000.0
1814,Ramesh,22,F,34,ECE,ramesh@gmail.com,Mumbai,2023-02-12,-45000
1815,Priya,19,Female,105,CSE,priya@gmail.com,,invalid,forty thousand
1816,Anuj,20,Male,85,CSE,anuj@gmail.com,Delhi,wrong_date,45000.0
1817,Sameer,23,Male,91,ME,sameer@gmail.com,Delhi,2023-05-20,45000.0
1818,Amit,23,Male,,CSE,amit@gmail.com,Mumbai,2023-04-28,45000.0
1819,Rohini,21,Female,92,ME,rohini@gmail.com,Pune,2023-04-08,45000.0
1820,Varun,20,Male,-20,ECE,varun@gmail.com,Mumbai,2023-04-12,45000.0
1821,Ajay,21,Male,,ECE,ajay@gmail.com,Delhi,2023-03-28,45000.0
1822,Neelam,20,Female,76,ECE,neelam@gmail.com,Delhi,wrong_date,45000.0
1823,Rohit,20,,60,ECE,rohit@gmail.com,Mumbai,2023-02-15,
1824,Shalini,21,Female,absent,ME,shalini@gmail.com,Delhi,2023-04-25,45000.0
1825,Naresh,22,Male,72,ME,naresh@gmail.com,Mumbai,2023-03-22,45000.0
1826,Varun,20,Male,-20,ECE,varun@gmail.com,Mumbai,2023-04-12,45000.0
1827,,22,Female,Ninety,ME,,Mumbai,2023/03/15,45000.0
1828,Unknown,-1,,45,CSE,unknown,Bangalore,32-13-2023,45000.0
1829,Pooja,21,Female,39,ME,pooja@gmail.com,Pune,2023-02-05,45000.0
1830,Anuj,20,Male,85,CSE,anuj@gmail.com,Delhi,2023-01-10,45000.0
1831,Farah,22,Female,81,CSE,farah@gmail.com,Mumbai,2023-05-08,45000.0
1832,Aman,-1,Male,-10,CSE, ,Pune,2023-01-10,45000.0
1833,Sanjay,23,Male,88,CSE,sanjay@gmail.com,Mumbai,2023-04-02,45000.0
1834,Sanjay,23,Male,88,CSE,sanjay@gmail.com,Mumbai,2023-04-02,45000.0
1835,Nikita,19,Female,55,CSE,nikita@gmail,Chennai,2023-02-28,45000.0
1836,Kavita,22,Female,88,ECE,kavita@gmail.com,Pune,2023-05-18,45000.0
1837,Harsh,twenty,Male,73,Mechanical,harsh@gmail.com,Mumbai,2023-05-15,45000.0
1838,Vikas,150,Male,40,ECE,vikas@gmail.com,Bangalore,2023-03-15,45000.0
1839, ,21,Male,67,CSE, ,Delhi,2023-01-25,45000.0
1840,Reena,20,Female,91,ECE,,Mumbai,2023-04-20,45000.0
1841,Raj,22,Male,90,CSE,raj@gmail.com,Delhi,2023-03-10,45000.0
1841,Sunita,20,Female,35,ECE,sunita@gmail.com,Delhi,2023/99/01,45000.0
1843, Ravi ,21,Male,78,ECE,ravi@gmail,Delhi,10-02-2023,45000.0
1844,Anuj,20,Male,120,CSE,anuj@gmail.com,Delhi,2023-01-10,45000.0
1845,Shalini,21,Female,102,ME,shalini@gmail.com,Delhi,2023-04-25,45000.0
1846,Prakash,22,Male,100,CSE,prakash@gmail.com,Pune,2023-04-22,45000.0
1847,Varun,20,Male,-20,ECE,varun@gmail.com,Mumbai,2023-04-12,45000.0
1848,Prakash,22,Male,100,CSE,prakash@gmail.com,Pune,2023-04-22,45000.0
1849,Unknown,20,,45,CSE,unknown,Bangalore,wrong_date,45000.0
1850,Varun,20,Male,-20,ECE,varun@gmail.com,Mumbai,2023-04-12,45000.0
1851,Suresh,21,Male,48,ME,,Mumbai,wrong_date,45000.0
1852,Sanjay,23,Male,88,CSE,,Mumbai,2023-04-02,45000.0
1853, ,21,Male,67,CSE, ,Delhi,2023-01-25,45000.0
1854,Swati,20,Female,59,CSE,swati@gmail.com,Pune,2023-03-25,45000.0
1855,Varun,20,Male,-20,ECE,varun@gmail.com,Mumbai,2023-04-12,45000.0
1856,Prakash,22,Male,100,CSE,prakash@gmail.com,Pune,2023-04-22,45000.0
1857,Manish,0,Male,65,CSE,manish@gmail,Delhi,2023-04-10,45000.0
1858,Kiran,19,Male,abc,CSE,kiran@gmail.com,Pune,2023-03-18,45000.0
1859, ,21,Male,67,CSE, ,Delhi,2023-01-25,45000.0
1860,Sanjay,23,Male,88,CSE,sanjay@gmail.com,Mumbai,2023-04-02,45000.0
1861,Sneha,20,Female,78,ECE,sneha@gmail.com,Pune,2023-05-01,45000.0
1862,Nikita,19,Female,absent,CSE,nikita@gmail,Chennai,2023-02-28,45000.0
1863,Aman,-1,Male,-10,CSE, ,Pune,2023-01-10,45000.0
1864,Pallavi,19,Female,47,ME,pallavi@gmail.com,,2023-03-30,45000.0
1865,Priya,19,Female,105,CSE,priya@gmail.com,,invalid,45000.0
1866,Kunal,22,Male,72,CSE,kunal@gmail.com,Delhi,2023-01-20,45000.0
1867,Nikita,0,Female,55,CSE,nikita@gmail,Chennai,,45000.0
1868,Kunal,22,Male,72,CSE,kunal@gmail.com,Delhi,2023-01-20,45000.0
1868,Nikita,19,Female,55,CSE,nikita@gmail,Chennai,2023-02-28,45000.0
1870,Raj,22,Male,90,CSE,raj@gmail.com,Delhi,2023-03-10,45000.0
1871,Kiran,19,Male,abc,CSE,kiran@gmail.com,Pune,2023-03-18,45000.0
1872,Aman,-1,Male,-10,CSE, ,Pune,2023-01-10,45000.0
1873,Varun,20,Male,-20,ECE,varun@gmail.com,Mumbai,2023-04-12,45000.0
1874,Neha,20,Female,88,CSE,anuj@gmail.com,Delhi,2023-01-10,45000.0
1875, Ravi ,21,Male,78,ECE,ravi@gmail,Delhi,10-02-2023,45000.0
1876,Ramesh,22,Male,34,ECE,ramesh@gmail.com,Mumbai,2023-02-12,45000.0
1877,Yogesh,21,Male,66,ME,yogesh@gmail.com,Delhi,2023-05-05,45000.0
1878,Yogesh,21,Male,66,ME,yogesh@gmail.com,Delhi,2023-05-05,45000.0
1879,Kavita,22,Female,88,ECE,kavita@gmail.com,Pune,2023-05-18,45000.0
1880,Anuj,20,Male,85,CSE,anuj@gmail.com,Delhi,2023-01-10,45000.0
1881,Harsh,21,Male,73,CSE,abc@,Mumbai,2023-05-15,45000.0
1882,Vikas,20,Male,40,E.C.E,vikas@gmail.com,Bangalore,2023-03-15,45000.0
1883,Akash,23,Male,110,ME,akash@gmail.com,Pune,2023-02-22,45000.0
1884,Neelam,20,Female,76,ECE,neelam@gmail.com,Delhi,2023-04-05,45000.0
1885,Anuj,20,Male,85,CSE,anuj@gmail.com,Delhi,2023-01-10,45000.0
1886,Akash,23,Male,,ME,akash@gmail.com,Pune,2023-02-22,45000.0
1887,Rohit,20,,60,ECE,rohit@gmail.com,Mumbai,2023-02-15,
1888,Priya,19,Female,105,CSE,priya@gmail.com,,invalid,45000.0
1889,Amit,23,Male,,CSE,amit@gmail.com,Mumbai,2023-04-28,45000.0
1890,Priya,19,Female,105,CSE,priya@gmail.com,,invalid,45000.0
1891,Deepa,-1,Female,68,ECE,deepa@gmail.com,Delhi,2023-03-20,
1892,,22,Female,Ninety,ME,,Mumbai,2023/03/15,45000.0
1893,,21,Female,92,ME,rohini@gmail.com,Pune,2023-04-08,45000.0
1894,,22,Female,Ninety,ME,,Mumbai,2023/03/15,45000.0
1895,Swati,20,Female,59,CSE,swati@gmail.com,Pune,2023-03-25,45000.0
1896,Pallavi,19,Female,47,ME,pallavi@gmail.com,,2023-03-30,45000.0
1897,Rohini,21,Female,92,ME,rohini@gmail.com,Pune,2023-04-08,45000.0
1898,Unknown,20,,45,CSE,unknown,Bangalore,wrong_date,45000.0
1899,Meena,20,Female,-5,ECE,meena@gmail.com,Pune,2023-03-08,45000.0
1900,Raj,22,Male,90,CSE,raj@gmail.com,Delhi,2023-03-10,45000.0
1901,Aman,-1,Male,-10,CSE, ,Pune,2023-01-10,45000.0
1902,Suresh,21,Male,48,E.C.E,,Mumbai,2023-03-05,45000.0
1903,Ajay,21,Male,,ECE,ajay@gmail.com,Delhi,2023-03-28,45000.0
1904,Sneha,20,Female,78,ECE,sneha@gmail.com,Pune,2023-05-01,45000.0
1905,Tina,21,Female,82,ME,tina@gmail.com,Mumbai,2023-03-12,45000.0
1906,Raj,22,Male,90,CSE,raj@gmail.com,Delhi,2023-03-10,45000.0
1907,Neha,20,Female,88,CSE,anuj@gmail.com,Delhi,2023-01-10,45000.0
1908,Anuj,20,Male,85,CSE,anuj@gmail.com,Delhi,2023-01-10,45000.0
1909,123,-1,Male,-10,CSE, ,Pune,2023-01-10,45000.0
1910,Amit,23,Male,,CSE,amit@gmail.com,Mumbai,2023-04-28,45000.0
1911,Pooja,twenty,Female,39,ME,pooja@gmail.com,Pune,2023-02-05,45000.0
1912,Naresh,22,Male,72,ME,naresh@gmail.com,Mumbai,2023-03-22,45000.0
1913,Divya,19,Female,69,ME,divya@gmail.com,Delhi,2023-05-12,45000.0
1914,Varun,20,Male,-20,ECE,varun@gmail.com,Mumbai,2023-04-12,45000.0
1915,Sameer,23,Male,91,ME,sameer@gmail.com,Delhi,wrong_date,45000.0
1916,Sunita,20,Female,35,cse,sunita@gmail.com,Delhi,2023-02-18,45000.0
1917,Naresh,22,Male,72,ME,naresh@gmail.com,Mumbai,,45000.0
1918,Naveen,20,Male,54,ECE,naveen@gmail.com,Pune,2023-05-10,45000.0
1919,Swati,20,Female,N/A,CSE,abc@,Pune,2023-03-25,45000.0
1920,Simran,19,Female,,ME,simran@gmail.com,Chennai,2023-03-01,45000.0
1921,Naresh,22,Male,72,ME,naresh@gmail.com,Mumbai,2023-03-22,45000.0
1922,Harsh,21,Male,73,CSE,harsh@gmail.com,Mumbai,2023-05-15,45000.0
1923,Tina,21,Female,82,ME,tina@gmail.com,Mumbai,2023-03-12,45000.0
1924,Harsh,21,Male,73,CSE,harsh@gmail.com,Mumbai,,45000.0
1925,Sanjay,23,Male,88,CSE,sanjay@gmail.com,Mumbai,2023-04-02,45000.0
1926,Yogesh,21,Male,66,ME,yogesh@gmail.com,Delhi,2023-05-05,45000.0
1927,Kavita,22,Female,88,ECE,kavita@gmail.com,Pune,2023-05-18,45000.0
1928,Nikita,19,Female,55,CSE,nikita@gmail,Chennai,2023-02-28,45000.0
1929,Naresh,22,Male,72,ME,naresh@gmail.com,Mumbai,2023-03-22,45000.0
1930,Abhishek,21,Male,83,CSE,abhishek@gmail.com,Delhi,2023-04-18,45000.0
1931,Anuj,20,Male,85,CSE,anuj@gmail.com,Delhi,2023-01-10,45000.0
1932,Rohit,20,,60,ECE,rohit@gmail.com,Mumbai,2023-02-15,
1933,Sameer,23,Male,,ME,sameer@gmail.com,Delhi,2023-05-20,45000.0
1934,Komal,-1,Female,55,ME,komal@gmail.com,Pune,2023-04-15,45000.0
1935, ,21,Male,67,CSE, ,Delhi,2023-01-25,45000.0
1936,Harsh,21,Male,73,CSE,harsh@gmail.com,Mumbai,2023-05-15,45000.0
1937,Tina,21,Female,82,ME,tina@gmail.com,Mumbai,2023-03-12,45000.0
1937,,20,Female,35,ECE,sunita@gmail.com,Delhi,2023-02-18,45000.0
1939,Naresh,22,Male,72,ME,naresh@gmail.com,Mumbai,2023-03-22,45000.0
1940,Ajay,0,Male,,ECE,ajay@gmail.com,Delhi,,45000.0
1941,Vikas,20,Male,40,ECE,vikas@gmail.com,Bangalore,2023-03-15,45000.0
1942,Sunita,20,Female,35,ECE,sunita@gmail.com,Delhi,,45000.0
1943,Kiran,19,Male,abc,CSE,kiran@gmail.com,Pune,2023-03-18,45000.0
1944, Ravi ,21,Male,78,ECE,ravi@gmail,Delhi,10-02-2023,forty thousand
1945,123,20,Male,54,ECE,naveen@gmail.com,Pune,2023-05-10,45000.0
1946,Naresh,22,Male,72,ME,abc@,Mumbai,2023-03-22,45000.0
1947,Sunita,20,Female,35,ECE,sunita@gmail.com,Delhi,2023-02-18,45000.0
1948,123,21,Male,45,cse,invalid,Bangalore,2023-13-01,45000.0
1949,,22,Female,Ninety,ME,,Mumbai,2023/03/15,45000.0
1950,Harsh,21,Male,73,CSE,harsh@gmail.com,Mumbai,2023-05-15,45000.0
1951,Vikas,20,Male,40,ECE,vikas@gmail.com,Bangalore,2023-03-15,45000.0
1952,   Ravi   ,19,Female,120,ME,divya@gmail.com,Delhi,2023-05-12,45000.0
1953,Yogesh,21,Male,66,ME,yogesh@gmail.com,Delhi,2023-05-05,45000.0
1954,Harsh,21,Male,73,CSE,harsh@gmail.com,Mumbai,2023-05-15,45000.0
1955,Naveen,20,Male,54,ECE,naveen@gmail.com,Pune,2023-05-10,45000.0
1956,Suresh,21,Male,48,ME,,Mumbai,2023-03-05,45000.0
1957,Prakash,22,Male,100,,prakash@gmail.com,Pune,2023-04-22,45000.0
1958,Komal,19,Unknown,55,ME,komal@gmail.com,Pune,2023-04-15,45000.0
1959,,21,Male,67,CSE, ,Delhi,2023-01-25,45000.0
1960,Deepa,21,Female,68,ECE,deepa@gmail.com,Delhi,2023-03-20,45000.0
1961,Reena,20,Female,91,ECE,reena@gmail.com,Mumbai,2023-04-20,45000.0
1962,Ajay,21,F,,ECE,ajay@gmail.com,Delhi,,45000.0
1963,Kunal,22,Male,72,CSE,kunal@gmail.com,Delhi,2023-01-20,45000.0
1964,123,21,,102,ME,shalini@gmail.com,Delhi,2023-04-25,45000.0
1965,Nikita,19,Female,55,CSE,nikita@gmail,Chennai,2023-02-28,45000.0
1966,Shalini,21,,102,ME,shalini@gmail.com,Delhi,2023-04-25,45000.0
1967,Tina,21,Female,82,ME,tina@gmail.com,Mumbai,2023-03-12,45000.0
1968,Naresh,22,Male,72,ME,naresh@gmail.com,Mumbai,,45000.0
1969,Farah,22,Female,81,,farah@gmail.com,Mumbai,2023-05-08,45000.0
1970,Deepa,21,Female,,ECE,@gmail.com,Delhi,2023-03-20,45000.0
1971,Nikita,19,Female,55,CSE,nikita@gmail,Chennai,32-13-2023,45000.0
1972,Ramesh,22,Male,N/A,ECE,ramesh@gmail.com,Mumbai,2023-02-12,45000.0
1973,Raj,22,Male,90,CSE,raj@gmail.com,Delhi,2023-03-10,45000.0
1973,Deepa,21,Female,68,ECE,deepa@gmail.com,Delhi,32-13-2023,45000.0
1975,Priya,19,Female,105,CSE,priya@gmail.com,,invalid,-45000
1976,Kunal,22,,72,CSE,kunal@gmail.com,Delhi,2023-01-20,45000.0
1977,,22,Female,Ninety,ME,,Mumbai,2023/03/15,45000.0
1978,Amit,23,Male,,CSE,invalid,Mumbai,2023-04-28,45000.0
1979,Naveen,20,Male,54,ECE,naveen@gmail.com,Pune,2023-05-10,45000.0
1980,Suresh,21,Male,N/A,ME,,Mumbai,2023-03-05,45000.0
1981,Harsh,21,Male,73,CSE,harsh@gmail.com,Mumbai,2023-05-15,45000.0
1982,Abhishek,21,Male,83,CSE,abhishek@gmail.com,Delhi,2023-04-18,45000.0
1983,Harsh,21,Male,73,CSE,harsh@gmail.com,Mumbai,2023-05-15,45000.0
1984,Tina,21,Female,82,ME,tina@gmail.com,Mumbai,2023-03-12,45000.0
1985,Varun,150,Male,-20,ECE,varun@gmail.com,Mumbai,2023-04-12,45000.0
1986,Harsh,21,Male,73,CSE,harsh@gmail.com,Mumbai,32-13-2023,45000.0
1987,Rohit,20,,60,ECE,,Mumbai,2023-02-15,
1988,Amit,23,Male,,CSE,amit@gmail.com,Mumbai,2023-04-28,45000.0
1989,Sameer,23,Male,91,ME,sameer@gmail.com,Delhi,2023-05-20,45000.0
1990,Farah,22,Female,81,CSE,farah@gmail.com,Mumbai,2023-05-08,45000.0
1991,Meena,20,Female,-5,ECE,meena@gmail.com,Pune,2023-03-08,45000.0
1992,Sneha,20,Female,78,ECE,sneha@gmail.com,Pune,2023-05-01,45000.0
1993,Amit,23,Male,,CSE,amit@gmail.com,Mumbai,2023-04-28,45000.0
1994,Reena,20,Female,91,cse,reena@gmail.com,Mumbai,2023-04-20,forty thousand
1995,Neha,20,Female,88,CSE,anuj@gmail.com,Delhi,2023-01-10,45000.0
1996,Naresh,22,Male,72,ME,naresh@gmail.com,Mumbai,2023-03-22,45000.0
1997,Varun,20,Male,-20,ECE,varun@gmail.com,Mumbai,2023-04-12,45000.0
1997,Naveen,20,Male,54,ECE,naveen@gmail.com,Pune,2023-05-10,45000.0
1999,Neha,20,Female,88,CSE,anuj@gmail.com,Delhi,2023-01-10,45000.0
2000,Reena,20,Female,91,ECE,reena@gmail.com,Mumbai,2023-04-20,45000.0
